Total,Used,Unused,Bonus,Common,Uncommon,Rare,Epic,Legendary
1,1,0,2.00,1,0,0,0,0
2,2,0,4.00,2,0,0,0,0
3,3,0,6.00,3,0,0,0,0
4,4,0,8.00,4,0,0,0,0
5,5,0,10.00,5,0,0,0,0
6,6,0,12.00,6,0,0,0,0
7,7,0,14.00,7,0,0,0,0
8,8,0,16.00,8,0,0,0,0
9,8,1,16.00,8,0,0,0,0
10,8,2,16.00,8,0,0,0,0
11,11,0,17.75,7,1,0,0,0
12,11,1,17.75,7,1,0,0,0
13,11,2,17.75,7,1,0,0,0
14,14,0,19.50,6,2,0,0,0
15,14,1,19.50,6,2,0,0,0
16,14,2,19.50,6,2,0,0,0
17,17,0,21.25,5,3,0,0,0
18,17,1,21.25,5,3,0,0,0
19,17,2,21.25,5,3,0,0,0
20,20,0,23.00,4,4,0,0,0
21,20,1,23.00,4,4,0,0,0
22,20,2,23.00,4,4,0,0,0
23,23,0,24.75,3,5,0,0,0
24,23,1,24.75,3,5,0,0,0
25,23,2,24.75,3,5,0,0,0
26,26,0,26.50,2,6,0,0,0
27,26,1,26.50,2,6,0,0,0
28,26,2,26.50,2,6,0,0,0
29,29,0,28.25,1,7,0,0,0
30,29,1,28.25,1,7,0,0,0
31,29,2,28.25,1,7,0,0,0
32,32,0,30.00,0,8,0,0,0
33,32,1,30.00,0,8,0,0,0
34,32,2,30.00,0,8,0,0,0
35,32,3,30.00,0,8,0,0,0
36,32,4,30.00,0,8,0,0,0
37,32,5,30.00,0,8,0,0,0
38,38,0,30.25,2,5,1,0,0
39,38,1,30.25,2,5,1,0,0
40,38,2,30.25,2,5,1,0,0
41,41,0,32.00,1,6,1,0,0
42,41,1,32.00,1,6,1,0,0
43,41,2,32.00,1,6,1,0,0
44,44,0,33.75,0,7,1,0,0
45,44,1,33.75,0,7,1,0,0
46,44,2,33.75,0,7,1,0,0
47,44,3,33.75,0,7,1,0,0
48,44,4,33.75,0,7,1,0,0
49,44,5,33.75,0,7,1,0,0
50,50,0,34.00,2,4,2,0,0
51,50,1,34.00,2,4,2,0,0
52,50,2,34.00,2,4,2,0,0
53,53,0,35.75,1,5,2,0,0
54,53,1,35.75,1,5,2,0,0
55,53,2,35.75,1,5,2,0,0
56,56,0,37.50,0,6,2,0,0
57,56,1,37.50,0,6,2,0,0
58,56,2,37.50,0,6,2,0,0
59,56,3,37.50,0,6,2,0,0
60,56,4,37.50,0,6,2,0,0
61,56,5,37.50,0,6,2,0,0
62,62,0,37.75,2,3,3,0,0
63,62,1,37.75,2,3,3,0,0
64,62,2,37.75,2,3,3,0,0
65,65,0,39.50,1,4,3,0,0
66,65,1,39.50,1,4,3,0,0
67,65,2,39.50,1,4,3,0,0
68,68,0,41.25,0,5,3,0,0
69,68,1,41.25,0,5,3,0,0
70,68,2,41.25,0,5,3,0,0
71,68,3,41.25,0,5,3,0,0
72,68,4,41.25,0,5,3,0,0
73,68,5,41.25,0,5,3,0,0
74,74,0,41.50,2,2,4,0,0
75,74,1,41.50,2,2,4,0,0
76,74,2,41.50,2,2,4,0,0
77,77,0,43.25,1,3,4,0,0
78,77,1,43.25,1,3,4,0,0
79,77,2,43.25,1,3,4,0,0
80,80,0,45.00,0,4,4,0,0
81,80,1,45.00,0,4,4,0,0
82,80,2,45.00,0,4,4,0,0
83,80,3,45.00,0,4,4,0,0
84,80,4,45.00,0,4,4,0,0
85,80,5,45.00,0,4,4,0,0
86,86,0,45.25,2,1,5,0,0
87,86,1,45.25,2,1,5,0,0
88,86,2,45.25,2,1,5,0,0
89,89,0,47.00,1,2,5,0,0
90,89,1,47.00,1,2,5,0,0
91,89,2,47.00,1,2,5,0,0
92,92,0,48.75,0,3,5,0,0
93,92,1,48.75,0,3,5,0,0
94,92,2,48.75,0,3,5,0,0
95,92,3,48.75,0,3,5,0,0
96,92,4,48.75,0,3,5,0,0
97,92,5,48.75,0,3,5,0,0
98,98,0,49.00,2,0,6,0,0
99,98,1,49.00,2,0,6,0,0
100,98,2,49.00,2,0,6,0,0
101,101,0,50.75,1,1,6,0,0
102,101,1,50.75,1,1,6,0,0
103,101,2,50.75,1,1,6,0,0
104,104,0,52.50,0,2,6,0,0
105,104,1,52.50,0,2,6,0,0
106,104,2,52.50,0,2,6,0,0
107,104,3,52.50,0,2,6,0,0
108,104,4,52.50,0,2,6,0,0
109,104,5,52.50,0,2,6,0,0
110,104,6,52.50,0,2,6,0,0
111,104,7,52.50,0,2,6,0,0
112,104,8,52.50,0,2,6,0,0
113,113,0,54.50,1,0,7,0,0
114,113,1,54.50,1,0,7,0,0
115,113,2,54.50,1,0,7,0,0
116,116,0,56.25,0,1,7,0,0
117,116,1,56.25,0,1,7,0,0
118,116,2,56.25,0,1,7,0,0
119,116,3,56.25,0,1,7,0,0
120,116,4,56.25,0,1,7,0,0
121,116,5,56.25,0,1,7,0,0
122,116,6,56.25,0,1,7,0,0
123,116,7,56.25,0,1,7,0,0
124,116,8,56.25,0,1,7,0,0
125,116,9,56.25,0,1,7,0,0
126,116,10,56.25,0,1,7,0,0
127,116,11,56.25,0,1,7,0,0
128,128,0,60.00,0,0,8,0,0
129,128,1,60.00,0,0,8,0,0
130,128,2,60.00,0,0,8,0,0
131,128,3,60.00,0,0,8,0,0
132,128,4,60.00,0,0,8,0,0
133,128,5,60.00,0,0,8,0,0
134,128,6,60.00,0,0,8,0,0
135,128,7,60.00,0,0,8,0,0
136,128,8,60.00,0,0,8,0,0
137,128,9,60.00,0,0,8,0,0
138,128,10,60.00,0,0,8,0,0
139,128,11,60.00,0,0,8,0,0
140,128,12,60.00,0,0,8,0,0
141,128,13,60.00,0,0,8,0,0
142,128,14,60.00,0,0,8,0,0
143,128,15,60.00,0,0,8,0,0
144,128,16,60.00,0,0,8,0,0
145,128,17,60.00,0,0,8,0,0
146,128,18,60.00,0,0,8,0,0
147,128,19,60.00,0,0,8,0,0
148,128,20,60.00,0,0,8,0,0
149,128,21,60.00,0,0,8,0,0
150,128,22,60.00,0,0,8,0,0
151,128,23,60.00,0,0,8,0,0
152,128,24,60.00,0,0,8,0,0
153,128,25,60.00,0,0,8,0,0
154,128,26,60.00,0,0,8,0,0
155,128,27,60.00,0,0,8,0,0
156,128,28,60.00,0,0,8,0,0
157,128,29,60.00,0,0,8,0,0
158,128,30,60.00,0,0,8,0,0
159,128,31,60.00,0,0,8,0,0
160,128,32,60.00,0,0,8,0,0
161,161,0,62.00,1,0,6,1,0
162,161,1,62.00,1,0,6,1,0
163,161,2,62.00,1,0,6,1,0
164,164,0,63.75,0,1,6,1,0
165,164,1,63.75,0,1,6,1,0
166,164,2,63.75,0,1,6,1,0
167,164,3,63.75,0,1,6,1,0
168,164,4,63.75,0,1,6,1,0
169,164,5,63.75,0,1,6,1,0
170,164,6,63.75,0,1,6,1,0
171,164,7,63.75,0,1,6,1,0
172,164,8,63.75,0,1,6,1,0
173,164,9,63.75,0,1,6,1,0
174,164,10,63.75,0,1,6,1,0
175,164,11,63.75,0,1,6,1,0
176,176,0,67.50,0,0,7,1,0
177,176,1,67.50,0,0,7,1,0
178,176,2,67.50,0,0,7,1,0
179,176,3,67.50,0,0,7,1,0
180,176,4,67.50,0,0,7,1,0
181,176,5,67.50,0,0,7,1,0
182,176,6,67.50,0,0,7,1,0
183,176,7,67.50,0,0,7,1,0
184,176,8,67.50,0,0,7,1,0
185,176,9,67.50,0,0,7,1,0
186,176,10,67.50,0,0,7,1,0
187,176,11,67.50,0,0,7,1,0
188,176,12,67.50,0,0,7,1,0
189,176,13,67.50,0,0,7,1,0
190,176,14,67.50,0,0,7,1,0
191,176,15,67.50,0,0,7,1,0
192,176,16,67.50,0,0,7,1,0
193,176,17,67.50,0,0,7,1,0
194,176,18,67.50,0,0,7,1,0
195,176,19,67.50,0,0,7,1,0
196,176,20,67.50,0,0,7,1,0
197,176,21,67.50,0,0,7,1,0
198,176,22,67.50,0,0,7,1,0
199,176,23,67.50,0,0,7,1,0
200,176,24,67.50,0,0,7,1,0
201,176,25,67.50,0,0,7,1,0
202,176,26,67.50,0,0,7,1,0
203,176,27,67.50,0,0,7,1,0
204,176,28,67.50,0,0,7,1,0
205,176,29,67.50,0,0,7,1,0
206,176,30,67.50,0,0,7,1,0
207,176,31,67.50,0,0,7,1,0
208,176,32,67.50,0,0,7,1,0
209,209,0,69.50,1,0,5,2,0
210,209,1,69.50,1,0,5,2,0
211,209,2,69.50,1,0,5,2,0
212,212,0,71.25,0,1,5,2,0
213,212,1,71.25,0,1,5,2,0
214,212,2,71.25,0,1,5,2,0
215,212,3,71.25,0,1,5,2,0
216,212,4,71.25,0,1,5,2,0
217,212,5,71.25,0,1,5,2,0
218,212,6,71.25,0,1,5,2,0
219,212,7,71.25,0,1,5,2,0
220,212,8,71.25,0,1,5,2,0
221,212,9,71.25,0,1,5,2,0
222,212,10,71.25,0,1,5,2,0
223,212,11,71.25,0,1,5,2,0
224,224,0,75.00,0,0,6,2,0
225,224,1,75.00,0,0,6,2,0
226,224,2,75.00,0,0,6,2,0
227,224,3,75.00,0,0,6,2,0
228,224,4,75.00,0,0,6,2,0
229,224,5,75.00,0,0,6,2,0
230,224,6,75.00,0,0,6,2,0
231,224,7,75.00,0,0,6,2,0
232,224,8,75.00,0,0,6,2,0
233,224,9,75.00,0,0,6,2,0
234,224,10,75.00,0,0,6,2,0
235,224,11,75.00,0,0,6,2,0
236,224,12,75.00,0,0,6,2,0
237,224,13,75.00,0,0,6,2,0
238,224,14,75.00,0,0,6,2,0
239,224,15,75.00,0,0,6,2,0
240,224,16,75.00,0,0,6,2,0
241,224,17,75.00,0,0,6,2,0
242,224,18,75.00,0,0,6,2,0
243,224,19,75.00,0,0,6,2,0
244,224,20,75.00,0,0,6,2,0
245,224,21,75.00,0,0,6,2,0
246,224,22,75.00,0,0,6,2,0
247,224,23,75.00,0,0,6,2,0
248,224,24,75.00,0,0,6,2,0
249,224,25,75.00,0,0,6,2,0
250,224,26,75.00,0,0,6,2,0
251,224,27,75.00,0,0,6,2,0
252,224,28,75.00,0,0,6,2,0
253,224,29,75.00,0,0,6,2,0
254,224,30,75.00,0,0,6,2,0
255,224,31,75.00,0,0,6,2,0
256,224,32,75.00,0,0,6,2,0
257,257,0,77.00,1,0,4,3,0
258,257,1,77.00,1,0,4,3,0
259,257,2,77.00,1,0,4,3,0
260,260,0,78.75,0,1,4,3,0
261,260,1,78.75,0,1,4,3,0
262,260,2,78.75,0,1,4,3,0
263,260,3,78.75,0,1,4,3,0
264,260,4,78.75,0,1,4,3,0
265,260,5,78.75,0,1,4,3,0
266,260,6,78.75,0,1,4,3,0
267,260,7,78.75,0,1,4,3,0
268,260,8,78.75,0,1,4,3,0
269,260,9,78.75,0,1,4,3,0
270,260,10,78.75,0,1,4,3,0
271,260,11,78.75,0,1,4,3,0
272,272,0,82.50,0,0,5,3,0
273,272,1,82.50,0,0,5,3,0
274,272,2,82.50,0,0,5,3,0
275,272,3,82.50,0,0,5,3,0
276,272,4,82.50,0,0,5,3,0
277,272,5,82.50,0,0,5,3,0
278,272,6,82.50,0,0,5,3,0
279,272,7,82.50,0,0,5,3,0
280,272,8,82.50,0,0,5,3,0
281,272,9,82.50,0,0,5,3,0
282,272,10,82.50,0,0,5,3,0
283,272,11,82.50,0,0,5,3,0
284,272,12,82.50,0,0,5,3,0
285,272,13,82.50,0,0,5,3,0
286,272,14,82.50,0,0,5,3,0
287,272,15,82.50,0,0,5,3,0
288,272,16,82.50,0,0,5,3,0
289,272,17,82.50,0,0,5,3,0
290,272,18,82.50,0,0,5,3,0
291,272,19,82.50,0,0,5,3,0
292,272,20,82.50,0,0,5,3,0
293,272,21,82.50,0,0,5,3,0
294,272,22,82.50,0,0,5,3,0
295,272,23,82.50,0,0,5,3,0
296,272,24,82.50,0,0,5,3,0
297,272,25,82.50,0,0,5,3,0
298,272,26,82.50,0,0,5,3,0
299,272,27,82.50,0,0,5,3,0
300,272,28,82.50,0,0,5,3,0
301,272,29,82.50,0,0,5,3,0
302,272,30,82.50,0,0,5,3,0
303,272,31,82.50,0,0,5,3,0
304,272,32,82.50,0,0,5,3,0
305,305,0,84.50,1,0,3,4,0
306,305,1,84.50,1,0,3,4,0
307,305,2,84.50,1,0,3,4,0
308,308,0,86.25,0,1,3,4,0
309,308,1,86.25,0,1,3,4,0
310,308,2,86.25,0,1,3,4,0
311,308,3,86.25,0,1,3,4,0
312,308,4,86.25,0,1,3,4,0
313,308,5,86.25,0,1,3,4,0
314,308,6,86.25,0,1,3,4,0
315,308,7,86.25,0,1,3,4,0
316,308,8,86.25,0,1,3,4,0
317,308,9,86.25,0,1,3,4,0
318,308,10,86.25,0,1,3,4,0
319,308,11,86.25,0,1,3,4,0
320,320,0,90.00,0,0,4,4,0
321,320,1,90.00,0,0,4,4,0
322,320,2,90.00,0,0,4,4,0
323,320,3,90.00,0,0,4,4,0
324,320,4,90.00,0,0,4,4,0
325,320,5,90.00,0,0,4,4,0
326,320,6,90.00,0,0,4,4,0
327,320,7,90.00,0,0,4,4,0
328,320,8,90.00,0,0,4,4,0
329,320,9,90.00,0,0,4,4,0
330,320,10,90.00,0,0,4,4,0
331,320,11,90.00,0,0,4,4,0
332,320,12,90.00,0,0,4,4,0
333,320,13,90.00,0,0,4,4,0
334,320,14,90.00,0,0,4,4,0
335,320,15,90.00,0,0,4,4,0
336,320,16,90.00,0,0,4,4,0
337,320,17,90.00,0,0,4,4,0
338,320,18,90.00,0,0,4,4,0
339,320,19,90.00,0,0,4,4,0
340,320,20,90.00,0,0,4,4,0
341,320,21,90.00,0,0,4,4,0
342,320,22,90.00,0,0,4,4,0
343,320,23,90.00,0,0,4,4,0
344,320,24,90.00,0,0,4,4,0
345,320,25,90.00,0,0,4,4,0
346,320,26,90.00,0,0,4,4,0
347,320,27,90.00,0,0,4,4,0
348,320,28,90.00,0,0,4,4,0
349,320,29,90.00,0,0,4,4,0
350,320,30,90.00,0,0,4,4,0
351,320,31,90.00,0,0,4,4,0
352,320,32,90.00,0,0,4,4,0
353,353,0,92.00,1,0,2,5,0
354,353,1,92.00,1,0,2,5,0
355,353,2,92.00,1,0,2,5,0
356,356,0,93.75,0,1,2,5,0
357,356,1,93.75,0,1,2,5,0
358,356,2,93.75,0,1,2,5,0
359,356,3,93.75,0,1,2,5,0
360,356,4,93.75,0,1,2,5,0
361,356,5,93.75,0,1,2,5,0
362,356,6,93.75,0,1,2,5,0
363,356,7,93.75,0,1,2,5,0
364,356,8,93.75,0,1,2,5,0
365,356,9,93.75,0,1,2,5,0
366,356,10,93.75,0,1,2,5,0
367,356,11,93.75,0,1,2,5,0
368,368,0,97.50,0,0,3,5,0
369,368,1,97.50,0,0,3,5,0
370,368,2,97.50,0,0,3,5,0
371,368,3,97.50,0,0,3,5,0
372,368,4,97.50,0,0,3,5,0
373,368,5,97.50,0,0,3,5,0
374,368,6,97.50,0,0,3,5,0
375,368,7,97.50,0,0,3,5,0
376,368,8,97.50,0,0,3,5,0
377,368,9,97.50,0,0,3,5,0
378,368,10,97.50,0,0,3,5,0
379,368,11,97.50,0,0,3,5,0
380,368,12,97.50,0,0,3,5,0
381,368,13,97.50,0,0,3,5,0
382,368,14,97.50,0,0,3,5,0
383,368,15,97.50,0,0,3,5,0
384,368,16,97.50,0,0,3,5,0
385,368,17,97.50,0,0,3,5,0
386,368,18,97.50,0,0,3,5,0
387,368,19,97.50,0,0,3,5,0
388,368,20,97.50,0,0,3,5,0
389,368,21,97.50,0,0,3,5,0
390,368,22,97.50,0,0,3,5,0
391,368,23,97.50,0,0,3,5,0
392,368,24,97.50,0,0,3,5,0
393,368,25,97.50,0,0,3,5,0
394,368,26,97.50,0,0,3,5,0
395,368,27,97.50,0,0,3,5,0
396,368,28,97.50,0,0,3,5,0
397,368,29,97.50,0,0,3,5,0
398,368,30,97.50,0,0,3,5,0
399,368,31,97.50,0,0,3,5,0
400,368,32,97.50,0,0,3,5,0
401,401,0,99.50,1,0,1,6,0
402,401,1,99.50,1,0,1,6,0
403,401,2,99.50,1,0,1,6,0
404,404,0,101.25,0,1,1,6,0
405,404,1,101.25,0,1,1,6,0
406,404,2,101.25,0,1,1,6,0
407,404,3,101.25,0,1,1,6,0
408,404,4,101.25,0,1,1,6,0
409,404,5,101.25,0,1,1,6,0
410,404,6,101.25,0,1,1,6,0
411,404,7,101.25,0,1,1,6,0
412,404,8,101.25,0,1,1,6,0
413,404,9,101.25,0,1,1,6,0
414,404,10,101.25,0,1,1,6,0
415,404,11,101.25,0,1,1,6,0
416,416,0,105.00,0,0,2,6,0
417,416,1,105.00,0,0,2,6,0
418,416,2,105.00,0,0,2,6,0
419,416,3,105.00,0,0,2,6,0
420,416,4,105.00,0,0,2,6,0
421,416,5,105.00,0,0,2,6,0
422,416,6,105.00,0,0,2,6,0
423,416,7,105.00,0,0,2,6,0
424,416,8,105.00,0,0,2,6,0
425,416,9,105.00,0,0,2,6,0
426,416,10,105.00,0,0,2,6,0
427,416,11,105.00,0,0,2,6,0
428,416,12,105.00,0,0,2,6,0
429,416,13,105.00,0,0,2,6,0
430,416,14,105.00,0,0,2,6,0
431,416,15,105.00,0,0,2,6,0
432,416,16,105.00,0,0,2,6,0
433,416,17,105.00,0,0,2,6,0
434,416,18,105.00,0,0,2,6,0
435,416,19,105.00,0,0,2,6,0
436,416,20,105.00,0,0,2,6,0
437,416,21,105.00,0,0,2,6,0
438,416,22,105.00,0,0,2,6,0
439,416,23,105.00,0,0,2,6,0
440,416,24,105.00,0,0,2,6,0
441,416,25,105.00,0,0,2,6,0
442,416,26,105.00,0,0,2,6,0
443,416,27,105.00,0,0,2,6,0
444,416,28,105.00,0,0,2,6,0
445,416,29,105.00,0,0,2,6,0
446,416,30,105.00,0,0,2,6,0
447,416,31,105.00,0,0,2,6,0
448,416,32,105.00,0,0,2,6,0
449,449,0,107.00,1,0,0,7,0
450,449,1,107.00,1,0,0,7,0
451,449,2,107.00,1,0,0,7,0
452,452,0,108.75,0,1,0,7,0
453,452,1,108.75,0,1,0,7,0
454,452,2,108.75,0,1,0,7,0
455,452,3,108.75,0,1,0,7,0
456,452,4,108.75,0,1,0,7,0
457,452,5,108.75,0,1,0,7,0
458,452,6,108.75,0,1,0,7,0
459,452,7,108.75,0,1,0,7,0
460,452,8,108.75,0,1,0,7,0
461,452,9,108.75,0,1,0,7,0
462,452,10,108.75,0,1,0,7,0
463,452,11,108.75,0,1,0,7,0
464,464,0,112.50,0,0,1,7,0
465,464,1,112.50,0,0,1,7,0
466,464,2,112.50,0,0,1,7,0
467,464,3,112.50,0,0,1,7,0
468,464,4,112.50,0,0,1,7,0
469,464,5,112.50,0,0,1,7,0
470,464,6,112.50,0,0,1,7,0
471,464,7,112.50,0,0,1,7,0
472,464,8,112.50,0,0,1,7,0
473,464,9,112.50,0,0,1,7,0
474,464,10,112.50,0,0,1,7,0
475,464,11,112.50,0,0,1,7,0
476,464,12,112.50,0,0,1,7,0
477,464,13,112.50,0,0,1,7,0
478,464,14,112.50,0,0,1,7,0
479,464,15,112.50,0,0,1,7,0
480,464,16,112.50,0,0,1,7,0
481,464,17,112.50,0,0,1,7,0
482,464,18,112.50,0,0,1,7,0
483,464,19,112.50,0,0,1,7,0
484,464,20,112.50,0,0,1,7,0
485,464,21,112.50,0,0,1,7,0
486,464,22,112.50,0,0,1,7,0
487,464,23,112.50,0,0,1,7,0
488,464,24,112.50,0,0,1,7,0
489,464,25,112.50,0,0,1,7,0
490,464,26,112.50,0,0,1,7,0
491,464,27,112.50,0,0,1,7,0
492,464,28,112.50,0,0,1,7,0
493,464,29,112.50,0,0,1,7,0
494,464,30,112.50,0,0,1,7,0
495,464,31,112.50,0,0,1,7,0
496,464,32,112.50,0,0,1,7,0
497,464,33,112.50,0,0,1,7,0
498,464,34,112.50,0,0,1,7,0
499,464,35,112.50,0,0,1,7,0
500,464,36,112.50,0,0,1,7,0
501,464,37,112.50,0,0,1,7,0
502,464,38,112.50,0,0,1,7,0
503,464,39,112.50,0,0,1,7,0
504,464,40,112.50,0,0,1,7,0
505,464,41,112.50,0,0,1,7,0
506,464,42,112.50,0,0,1,7,0
507,464,43,112.50,0,0,1,7,0
508,464,44,112.50,0,0,1,7,0
509,464,45,112.50,0,0,1,7,0
510,464,46,112.50,0,0,1,7,0
511,464,47,112.50,0,0,1,7,0
512,512,0,120.00,0,0,0,8,0
513,512,1,120.00,0,0,0,8,0
514,512,2,120.00,0,0,0,8,0
515,512,3,120.00,0,0,0,8,0
516,512,4,120.00,0,0,0,8,0
517,512,5,120.00,0,0,0,8,0
518,512,6,120.00,0,0,0,8,0
519,512,7,120.00,0,0,0,8,0
520,512,8,120.00,0,0,0,8,0
521,512,9,120.00,0,0,0,8,0
522,512,10,120.00,0,0,0,8,0
523,512,11,120.00,0,0,0,8,0
524,512,12,120.00,0,0,0,8,0
525,512,13,120.00,0,0,0,8,0
526,512,14,120.00,0,0,0,8,0
527,512,15,120.00,0,0,0,8,0
528,512,16,120.00,0,0,0,8,0
529,512,17,120.00,0,0,0,8,0
530,512,18,120.00,0,0,0,8,0
531,512,19,120.00,0,0,0,8,0
532,512,20,120.00,0,0,0,8,0
533,512,21,120.00,0,0,0,8,0
534,512,22,120.00,0,0,0,8,0
535,512,23,120.00,0,0,0,8,0
536,512,24,120.00,0,0,0,8,0
537,512,25,120.00,0,0,0,8,0
538,512,26,120.00,0,0,0,8,0
539,512,27,120.00,0,0,0,8,0
540,512,28,120.00,0,0,0,8,0
541,512,29,120.00,0,0,0,8,0
542,512,30,120.00,0,0,0,8,0
543,512,31,120.00,0,0,0,8,0
544,512,32,120.00,0,0,0,8,0
545,512,33,120.00,0,0,0,8,0
546,512,34,120.00,0,0,0,8,0
547,512,35,120.00,0,0,0,8,0
548,512,36,120.00,0,0,0,8,0
549,512,37,120.00,0,0,0,8,0
550,512,38,120.00,0,0,0,8,0
551,512,39,120.00,0,0,0,8,0
552,512,40,120.00,0,0,0,8,0
553,512,41,120.00,0,0,0,8,0
554,512,42,120.00,0,0,0,8,0
555,512,43,120.00,0,0,0,8,0
556,512,44,120.00,0,0,0,8,0
557,512,45,120.00,0,0,0,8,0
558,512,46,120.00,0,0,0,8,0
559,512,47,120.00,0,0,0,8,0
560,512,48,120.00,0,0,0,8,0
561,512,49,120.00,0,0,0,8,0
562,512,50,120.00,0,0,0,8,0
563,512,51,120.00,0,0,0,8,0
564,512,52,120.00,0,0,0,8,0
565,512,53,120.00,0,0,0,8,0
566,512,54,120.00,0,0,0,8,0
567,512,55,120.00,0,0,0,8,0
568,512,56,120.00,0,0,0,8,0
569,512,57,120.00,0,0,0,8,0
570,512,58,120.00,0,0,0,8,0
571,512,59,120.00,0,0,0,8,0
572,512,60,120.00,0,0,0,8,0
573,512,61,120.00,0,0,0,8,0
574,512,62,120.00,0,0,0,8,0
575,512,63,120.00,0,0,0,8,0
576,512,64,120.00,0,0,0,8,0
577,512,65,120.00,0,0,0,8,0
578,512,66,120.00,0,0,0,8,0
579,512,67,120.00,0,0,0,8,0
580,512,68,120.00,0,0,0,8,0
581,512,69,120.00,0,0,0,8,0
582,512,70,120.00,0,0,0,8,0
583,512,71,120.00,0,0,0,8,0
584,512,72,120.00,0,0,0,8,0
585,512,73,120.00,0,0,0,8,0
586,512,74,120.00,0,0,0,8,0
587,512,75,120.00,0,0,0,8,0
588,512,76,120.00,0,0,0,8,0
589,512,77,120.00,0,0,0,8,0
590,512,78,120.00,0,0,0,8,0
591,512,79,120.00,0,0,0,8,0
592,512,80,120.00,0,0,0,8,0
593,512,81,120.00,0,0,0,8,0
594,512,82,120.00,0,0,0,8,0
595,512,83,120.00,0,0,0,8,0
596,512,84,120.00,0,0,0,8,0
597,512,85,120.00,0,0,0,8,0
598,512,86,120.00,0,0,0,8,0
599,512,87,120.00,0,0,0,8,0
600,512,88,120.00,0,0,0,8,0
601,512,89,120.00,0,0,0,8,0
602,512,90,120.00,0,0,0,8,0
603,512,91,120.00,0,0,0,8,0
604,512,92,120.00,0,0,0,8,0
605,512,93,120.00,0,0,0,8,0
606,512,94,120.00,0,0,0,8,0
607,512,95,120.00,0,0,0,8,0
608,512,96,120.00,0,0,0,8,0
609,512,97,120.00,0,0,0,8,0
610,512,98,120.00,0,0,0,8,0
611,512,99,120.00,0,0,0,8,0
612,512,100,120.00,0,0,0,8,0
613,512,101,120.00,0,0,0,8,0
614,512,102,120.00,0,0,0,8,0
615,512,103,120.00,0,0,0,8,0
616,512,104,120.00,0,0,0,8,0
617,512,105,120.00,0,0,0,8,0
618,512,106,120.00,0,0,0,8,0
619,512,107,120.00,0,0,0,8,0
620,512,108,120.00,0,0,0,8,0
621,512,109,120.00,0,0,0,8,0
622,512,110,120.00,0,0,0,8,0
623,512,111,120.00,0,0,0,8,0
624,512,112,120.00,0,0,0,8,0
625,512,113,120.00,0,0,0,8,0
626,512,114,120.00,0,0,0,8,0
627,512,115,120.00,0,0,0,8,0
628,512,116,120.00,0,0,0,8,0
629,512,117,120.00,0,0,0,8,0
630,512,118,120.00,0,0,0,8,0
631,512,119,120.00,0,0,0,8,0
632,512,120,120.00,0,0,0,8,0
633,512,121,120.00,0,0,0,8,0
634,512,122,120.00,0,0,0,8,0
635,512,123,120.00,0,0,0,8,0
636,512,124,120.00,0,0,0,8,0
637,512,125,120.00,0,0,0,8,0
638,512,126,120.00,0,0,0,8,0
639,512,127,120.00,0,0,0,8,0
640,512,128,120.00,0,0,0,8,0
641,512,129,120.00,0,0,0,8,0
642,512,130,120.00,0,0,0,8,0
643,512,131,120.00,0,0,0,8,0
644,512,132,120.00,0,0,0,8,0
645,512,133,120.00,0,0,0,8,0
646,512,134,120.00,0,0,0,8,0
647,512,135,120.00,0,0,0,8,0
648,512,136,120.00,0,0,0,8,0
649,512,137,120.00,0,0,0,8,0
650,512,138,120.00,0,0,0,8,0
651,512,139,120.00,0,0,0,8,0
652,512,140,120.00,0,0,0,8,0
653,512,141,120.00,0,0,0,8,0
654,512,142,120.00,0,0,0,8,0
655,512,143,120.00,0,0,0,8,0
656,656,0,122.50,0,0,1,6,1
657,656,1,122.50,0,0,1,6,1
658,656,2,122.50,0,0,1,6,1
659,656,3,122.50,0,0,1,6,1
660,656,4,122.50,0,0,1,6,1
661,656,5,122.50,0,0,1,6,1
662,656,6,122.50,0,0,1,6,1
663,656,7,122.50,0,0,1,6,1
664,656,8,122.50,0,0,1,6,1
665,656,9,122.50,0,0,1,6,1
666,656,10,122.50,0,0,1,6,1
667,656,11,122.50,0,0,1,6,1
668,656,12,122.50,0,0,1,6,1
669,656,13,122.50,0,0,1,6,1
670,656,14,122.50,0,0,1,6,1
671,656,15,122.50,0,0,1,6,1
672,656,16,122.50,0,0,1,6,1
673,656,17,122.50,0,0,1,6,1
674,656,18,122.50,0,0,1,6,1
675,656,19,122.50,0,0,1,6,1
676,656,20,122.50,0,0,1,6,1
677,656,21,122.50,0,0,1,6,1
678,656,22,122.50,0,0,1,6,1
679,656,23,122.50,0,0,1,6,1
680,656,24,122.50,0,0,1,6,1
681,656,25,122.50,0,0,1,6,1
682,656,26,122.50,0,0,1,6,1
683,656,27,122.50,0,0,1,6,1
684,656,28,122.50,0,0,1,6,1
685,656,29,122.50,0,0,1,6,1
686,656,30,122.50,0,0,1,6,1
687,656,31,122.50,0,0,1,6,1
688,656,32,122.50,0,0,1,6,1
689,656,33,122.50,0,0,1,6,1
690,656,34,122.50,0,0,1,6,1
691,656,35,122.50,0,0,1,6,1
692,656,36,122.50,0,0,1,6,1
693,656,37,122.50,0,0,1,6,1
694,656,38,122.50,0,0,1,6,1
695,656,39,122.50,0,0,1,6,1
696,656,40,122.50,0,0,1,6,1
697,656,41,122.50,0,0,1,6,1
698,656,42,122.50,0,0,1,6,1
699,656,43,122.50,0,0,1,6,1
700,656,44,122.50,0,0,1,6,1
701,656,45,122.50,0,0,1,6,1
702,656,46,122.50,0,0,1,6,1
703,656,47,122.50,0,0,1,6,1
704,704,0,130.00,0,0,0,7,1
705,704,1,130.00,0,0,0,7,1
706,704,2,130.00,0,0,0,7,1
707,704,3,130.00,0,0,0,7,1
708,704,4,130.00,0,0,0,7,1
709,704,5,130.00,0,0,0,7,1
710,704,6,130.00,0,0,0,7,1
711,704,7,130.00,0,0,0,7,1
712,704,8,130.00,0,0,0,7,1
713,704,9,130.00,0,0,0,7,1
714,704,10,130.00,0,0,0,7,1
715,704,11,130.00,0,0,0,7,1
716,704,12,130.00,0,0,0,7,1
717,704,13,130.00,0,0,0,7,1
718,704,14,130.00,0,0,0,7,1
719,704,15,130.00,0,0,0,7,1
720,704,16,130.00,0,0,0,7,1
721,704,17,130.00,0,0,0,7,1
722,704,18,130.00,0,0,0,7,1
723,704,19,130.00,0,0,0,7,1
724,704,20,130.00,0,0,0,7,1
725,704,21,130.00,0,0,0,7,1
726,704,22,130.00,0,0,0,7,1
727,704,23,130.00,0,0,0,7,1
728,704,24,130.00,0,0,0,7,1
729,704,25,130.00,0,0,0,7,1
730,704,26,130.00,0,0,0,7,1
731,704,27,130.00,0,0,0,7,1
732,704,28,130.00,0,0,0,7,1
733,704,29,130.00,0,0,0,7,1
734,704,30,130.00,0,0,0,7,1
735,704,31,130.00,0,0,0,7,1
736,704,32,130.00,0,0,0,7,1
737,704,33,130.00,0,0,0,7,1
738,704,34,130.00,0,0,0,7,1
739,704,35,130.00,0,0,0,7,1
740,704,36,130.00,0,0,0,7,1
741,704,37,130.00,0,0,0,7,1
742,704,38,130.00,0,0,0,7,1
743,704,39,130.00,0,0,0,7,1
744,704,40,130.00,0,0,0,7,1
745,704,41,130.00,0,0,0,7,1
746,704,42,130.00,0,0,0,7,1
747,704,43,130.00,0,0,0,7,1
748,704,44,130.00,0,0,0,7,1
749,704,45,130.00,0,0,0,7,1
750,704,46,130.00,0,0,0,7,1
751,704,47,130.00,0,0,0,7,1
752,704,48,130.00,0,0,0,7,1
753,704,49,130.00,0,0,0,7,1
754,704,50,130.00,0,0,0,7,1
755,704,51,130.00,0,0,0,7,1
756,704,52,130.00,0,0,0,7,1
757,704,53,130.00,0,0,0,7,1
758,704,54,130.00,0,0,0,7,1
759,704,55,130.00,0,0,0,7,1
760,704,56,130.00,0,0,0,7,1
761,704,57,130.00,0,0,0,7,1
762,704,58,130.00,0,0,0,7,1
763,704,59,130.00,0,0,0,7,1
764,704,60,130.00,0,0,0,7,1
765,704,61,130.00,0,0,0,7,1
766,704,62,130.00,0,0,0,7,1
767,704,63,130.00,0,0,0,7,1
768,704,64,130.00,0,0,0,7,1
769,704,65,130.00,0,0,0,7,1
770,704,66,130.00,0,0,0,7,1
771,704,67,130.00,0,0,0,7,1
772,704,68,130.00,0,0,0,7,1
773,704,69,130.00,0,0,0,7,1
774,704,70,130.00,0,0,0,7,1
775,704,71,130.00,0,0,0,7,1
776,704,72,130.00,0,0,0,7,1
777,704,73,130.00,0,0,0,7,1
778,704,74,130.00,0,0,0,7,1
779,704,75,130.00,0,0,0,7,1
780,704,76,130.00,0,0,0,7,1
781,704,77,130.00,0,0,0,7,1
782,704,78,130.00,0,0,0,7,1
783,704,79,130.00,0,0,0,7,1
784,704,80,130.00,0,0,0,7,1
785,704,81,130.00,0,0,0,7,1
786,704,82,130.00,0,0,0,7,1
787,704,83,130.00,0,0,0,7,1
788,704,84,130.00,0,0,0,7,1
789,704,85,130.00,0,0,0,7,1
790,704,86,130.00,0,0,0,7,1
791,704,87,130.00,0,0,0,7,1
792,704,88,130.00,0,0,0,7,1
793,704,89,130.00,0,0,0,7,1
794,704,90,130.00,0,0,0,7,1
795,704,91,130.00,0,0,0,7,1
796,704,92,130.00,0,0,0,7,1
797,704,93,130.00,0,0,0,7,1
798,704,94,130.00,0,0,0,7,1
799,704,95,130.00,0,0,0,7,1
800,704,96,130.00,0,0,0,7,1
801,704,97,130.00,0,0,0,7,1
802,704,98,130.00,0,0,0,7,1
803,704,99,130.00,0,0,0,7,1
804,704,100,130.00,0,0,0,7,1
805,704,101,130.00,0,0,0,7,1
806,704,102,130.00,0,0,0,7,1
807,704,103,130.00,0,0,0,7,1
808,704,104,130.00,0,0,0,7,1
809,704,105,130.00,0,0,0,7,1
810,704,106,130.00,0,0,0,7,1
811,704,107,130.00,0,0,0,7,1
812,704,108,130.00,0,0,0,7,1
813,704,109,130.00,0,0,0,7,1
814,704,110,130.00,0,0,0,7,1
815,704,111,130.00,0,0,0,7,1
816,704,112,130.00,0,0,0,7,1
817,704,113,130.00,0,0,0,7,1
818,704,114,130.00,0,0,0,7,1
819,704,115,130.00,0,0,0,7,1
820,704,116,130.00,0,0,0,7,1
821,704,117,130.00,0,0,0,7,1
822,704,118,130.00,0,0,0,7,1
823,704,119,130.00,0,0,0,7,1
824,704,120,130.00,0,0,0,7,1
825,704,121,130.00,0,0,0,7,1
826,704,122,130.00,0,0,0,7,1
827,704,123,130.00,0,0,0,7,1
828,704,124,130.00,0,0,0,7,1
829,704,125,130.00,0,0,0,7,1
830,704,126,130.00,0,0,0,7,1
831,704,127,130.00,0,0,0,7,1
832,704,128,130.00,0,0,0,7,1
833,704,129,130.00,0,0,0,7,1
834,704,130,130.00,0,0,0,7,1
835,704,131,130.00,0,0,0,7,1
836,704,132,130.00,0,0,0,7,1
837,704,133,130.00,0,0,0,7,1
838,704,134,130.00,0,0,0,7,1
839,704,135,130.00,0,0,0,7,1
840,704,136,130.00,0,0,0,7,1
841,704,137,130.00,0,0,0,7,1
842,704,138,130.00,0,0,0,7,1
843,704,139,130.00,0,0,0,7,1
844,704,140,130.00,0,0,0,7,1
845,704,141,130.00,0,0,0,7,1
846,704,142,130.00,0,0,0,7,1
847,704,143,130.00,0,0,0,7,1
848,848,0,132.50,0,0,1,5,2
849,848,1,132.50,0,0,1,5,2
850,848,2,132.50,0,0,1,5,2
851,848,3,132.50,0,0,1,5,2
852,848,4,132.50,0,0,1,5,2
853,848,5,132.50,0,0,1,5,2
854,848,6,132.50,0,0,1,5,2
855,848,7,132.50,0,0,1,5,2
856,848,8,132.50,0,0,1,5,2
857,848,9,132.50,0,0,1,5,2
858,848,10,132.50,0,0,1,5,2
859,848,11,132.50,0,0,1,5,2
860,848,12,132.50,0,0,1,5,2
861,848,13,132.50,0,0,1,5,2
862,848,14,132.50,0,0,1,5,2
863,848,15,132.50,0,0,1,5,2
864,848,16,132.50,0,0,1,5,2
865,848,17,132.50,0,0,1,5,2
866,848,18,132.50,0,0,1,5,2
867,848,19,132.50,0,0,1,5,2
868,848,20,132.50,0,0,1,5,2
869,848,21,132.50,0,0,1,5,2
870,848,22,132.50,0,0,1,5,2
871,848,23,132.50,0,0,1,5,2
872,848,24,132.50,0,0,1,5,2
873,848,25,132.50,0,0,1,5,2
874,848,26,132.50,0,0,1,5,2
875,848,27,132.50,0,0,1,5,2
876,848,28,132.50,0,0,1,5,2
877,848,29,132.50,0,0,1,5,2
878,848,30,132.50,0,0,1,5,2
879,848,31,132.50,0,0,1,5,2
880,848,32,132.50,0,0,1,5,2
881,848,33,132.50,0,0,1,5,2
882,848,34,132.50,0,0,1,5,2
883,848,35,132.50,0,0,1,5,2
884,848,36,132.50,0,0,1,5,2
885,848,37,132.50,0,0,1,5,2
886,848,38,132.50,0,0,1,5,2
887,848,39,132.50,0,0,1,5,2
888,848,40,132.50,0,0,1,5,2
889,848,41,132.50,0,0,1,5,2
890,848,42,132.50,0,0,1,5,2
891,848,43,132.50,0,0,1,5,2
892,848,44,132.50,0,0,1,5,2
893,848,45,132.50,0,0,1,5,2
894,848,46,132.50,0,0,1,5,2
895,848,47,132.50,0,0,1,5,2
896,896,0,140.00,0,0,0,6,2
897,896,1,140.00,0,0,0,6,2
898,896,2,140.00,0,0,0,6,2
899,896,3,140.00,0,0,0,6,2
900,896,4,140.00,0,0,0,6,2
901,896,5,140.00,0,0,0,6,2
902,896,6,140.00,0,0,0,6,2
903,896,7,140.00,0,0,0,6,2
904,896,8,140.00,0,0,0,6,2
905,896,9,140.00,0,0,0,6,2
906,896,10,140.00,0,0,0,6,2
907,896,11,140.00,0,0,0,6,2
908,896,12,140.00,0,0,0,6,2
909,896,13,140.00,0,0,0,6,2
910,896,14,140.00,0,0,0,6,2
911,896,15,140.00,0,0,0,6,2
912,896,16,140.00,0,0,0,6,2
913,896,17,140.00,0,0,0,6,2
914,896,18,140.00,0,0,0,6,2
915,896,19,140.00,0,0,0,6,2
916,896,20,140.00,0,0,0,6,2
917,896,21,140.00,0,0,0,6,2
918,896,22,140.00,0,0,0,6,2
919,896,23,140.00,0,0,0,6,2
920,896,24,140.00,0,0,0,6,2
921,896,25,140.00,0,0,0,6,2
922,896,26,140.00,0,0,0,6,2
923,896,27,140.00,0,0,0,6,2
924,896,28,140.00,0,0,0,6,2
925,896,29,140.00,0,0,0,6,2
926,896,30,140.00,0,0,0,6,2
927,896,31,140.00,0,0,0,6,2
928,896,32,140.00,0,0,0,6,2
929,896,33,140.00,0,0,0,6,2
930,896,34,140.00,0,0,0,6,2
931,896,35,140.00,0,0,0,6,2
932,896,36,140.00,0,0,0,6,2
933,896,37,140.00,0,0,0,6,2
934,896,38,140.00,0,0,0,6,2
935,896,39,140.00,0,0,0,6,2
936,896,40,140.00,0,0,0,6,2
937,896,41,140.00,0,0,0,6,2
938,896,42,140.00,0,0,0,6,2
939,896,43,140.00,0,0,0,6,2
940,896,44,140.00,0,0,0,6,2
941,896,45,140.00,0,0,0,6,2
942,896,46,140.00,0,0,0,6,2
943,896,47,140.00,0,0,0,6,2
944,896,48,140.00,0,0,0,6,2
945,896,49,140.00,0,0,0,6,2
946,896,50,140.00,0,0,0,6,2
947,896,51,140.00,0,0,0,6,2
948,896,52,140.00,0,0,0,6,2
949,896,53,140.00,0,0,0,6,2
950,896,54,140.00,0,0,0,6,2
951,896,55,140.00,0,0,0,6,2
952,896,56,140.00,0,0,0,6,2
953,896,57,140.00,0,0,0,6,2
954,896,58,140.00,0,0,0,6,2
955,896,59,140.00,0,0,0,6,2
956,896,60,140.00,0,0,0,6,2
957,896,61,140.00,0,0,0,6,2
958,896,62,140.00,0,0,0,6,2
959,896,63,140.00,0,0,0,6,2
960,896,64,140.00,0,0,0,6,2
961,896,65,140.00,0,0,0,6,2
962,896,66,140.00,0,0,0,6,2
963,896,67,140.00,0,0,0,6,2
964,896,68,140.00,0,0,0,6,2
965,896,69,140.00,0,0,0,6,2
966,896,70,140.00,0,0,0,6,2
967,896,71,140.00,0,0,0,6,2
968,896,72,140.00,0,0,0,6,2
969,896,73,140.00,0,0,0,6,2
970,896,74,140.00,0,0,0,6,2
971,896,75,140.00,0,0,0,6,2
972,896,76,140.00,0,0,0,6,2
973,896,77,140.00,0,0,0,6,2
974,896,78,140.00,0,0,0,6,2
975,896,79,140.00,0,0,0,6,2
976,896,80,140.00,0,0,0,6,2
977,896,81,140.00,0,0,0,6,2
978,896,82,140.00,0,0,0,6,2
979,896,83,140.00,0,0,0,6,2
980,896,84,140.00,0,0,0,6,2
981,896,85,140.00,0,0,0,6,2
982,896,86,140.00,0,0,0,6,2
983,896,87,140.00,0,0,0,6,2
984,896,88,140.00,0,0,0,6,2
985,896,89,140.00,0,0,0,6,2
986,896,90,140.00,0,0,0,6,2
987,896,91,140.00,0,0,0,6,2
988,896,92,140.00,0,0,0,6,2
989,896,93,140.00,0,0,0,6,2
990,896,94,140.00,0,0,0,6,2
991,896,95,140.00,0,0,0,6,2
992,896,96,140.00,0,0,0,6,2
993,896,97,140.00,0,0,0,6,2
994,896,98,140.00,0,0,0,6,2
995,896,99,140.00,0,0,0,6,2
996,896,100,140.00,0,0,0,6,2
997,896,101,140.00,0,0,0,6,2
998,896,102,140.00,0,0,0,6,2
999,896,103,140.00,0,0,0,6,2
1000,896,104,140.00,0,0,0,6,2
1001,896,105,140.00,0,0,0,6,2
1002,896,106,140.00,0,0,0,6,2
1003,896,107,140.00,0,0,0,6,2
1004,896,108,140.00,0,0,0,6,2
1005,896,109,140.00,0,0,0,6,2
1006,896,110,140.00,0,0,0,6,2
1007,896,111,140.00,0,0,0,6,2
1008,896,112,140.00,0,0,0,6,2
1009,896,113,140.00,0,0,0,6,2
1010,896,114,140.00,0,0,0,6,2
1011,896,115,140.00,0,0,0,6,2
1012,896,116,140.00,0,0,0,6,2
1013,896,117,140.00,0,0,0,6,2
1014,896,118,140.00,0,0,0,6,2
1015,896,119,140.00,0,0,0,6,2
1016,896,120,140.00,0,0,0,6,2
1017,896,121,140.00,0,0,0,6,2
1018,896,122,140.00,0,0,0,6,2
1019,896,123,140.00,0,0,0,6,2
1020,896,124,140.00,0,0,0,6,2
1021,896,125,140.00,0,0,0,6,2
1022,896,126,140.00,0,0,0,6,2
1023,896,127,140.00,0,0,0,6,2
1024,896,128,140.00,0,0,0,6,2
1025,896,129,140.00,0,0,0,6,2
1026,896,130,140.00,0,0,0,6,2
1027,896,131,140.00,0,0,0,6,2
1028,896,132,140.00,0,0,0,6,2
1029,896,133,140.00,0,0,0,6,2
1030,896,134,140.00,0,0,0,6,2
1031,896,135,140.00,0,0,0,6,2
1032,896,136,140.00,0,0,0,6,2
1033,896,137,140.00,0,0,0,6,2
1034,896,138,140.00,0,0,0,6,2
1035,896,139,140.00,0,0,0,6,2
1036,896,140,140.00,0,0,0,6,2
1037,896,141,140.00,0,0,0,6,2
1038,896,142,140.00,0,0,0,6,2
1039,896,143,140.00,0,0,0,6,2
1040,1040,0,142.50,0,0,1,4,3
1041,1040,1,142.50,0,0,1,4,3
1042,1040,2,142.50,0,0,1,4,3
1043,1040,3,142.50,0,0,1,4,3
1044,1040,4,142.50,0,0,1,4,3
1045,1040,5,142.50,0,0,1,4,3
1046,1040,6,142.50,0,0,1,4,3
1047,1040,7,142.50,0,0,1,4,3
1048,1040,8,142.50,0,0,1,4,3
1049,1040,9,142.50,0,0,1,4,3
1050,1040,10,142.50,0,0,1,4,3
1051,1040,11,142.50,0,0,1,4,3
1052,1040,12,142.50,0,0,1,4,3
1053,1040,13,142.50,0,0,1,4,3
1054,1040,14,142.50,0,0,1,4,3
1055,1040,15,142.50,0,0,1,4,3
1056,1040,16,142.50,0,0,1,4,3
1057,1040,17,142.50,0,0,1,4,3
1058,1040,18,142.50,0,0,1,4,3
1059,1040,19,142.50,0,0,1,4,3
1060,1040,20,142.50,0,0,1,4,3
1061,1040,21,142.50,0,0,1,4,3
1062,1040,22,142.50,0,0,1,4,3
1063,1040,23,142.50,0,0,1,4,3
1064,1040,24,142.50,0,0,1,4,3
1065,1040,25,142.50,0,0,1,4,3
1066,1040,26,142.50,0,0,1,4,3
1067,1040,27,142.50,0,0,1,4,3
1068,1040,28,142.50,0,0,1,4,3
1069,1040,29,142.50,0,0,1,4,3
1070,1040,30,142.50,0,0,1,4,3
1071,1040,31,142.50,0,0,1,4,3
1072,1040,32,142.50,0,0,1,4,3
1073,1040,33,142.50,0,0,1,4,3
1074,1040,34,142.50,0,0,1,4,3
1075,1040,35,142.50,0,0,1,4,3
1076,1040,36,142.50,0,0,1,4,3
1077,1040,37,142.50,0,0,1,4,3
1078,1040,38,142.50,0,0,1,4,3
1079,1040,39,142.50,0,0,1,4,3
1080,1040,40,142.50,0,0,1,4,3
1081,1040,41,142.50,0,0,1,4,3
1082,1040,42,142.50,0,0,1,4,3
1083,1040,43,142.50,0,0,1,4,3
1084,1040,44,142.50,0,0,1,4,3
1085,1040,45,142.50,0,0,1,4,3
1086,1040,46,142.50,0,0,1,4,3
1087,1040,47,142.50,0,0,1,4,3
1088,1088,0,150.00,0,0,0,5,3
1089,1088,1,150.00,0,0,0,5,3
1090,1088,2,150.00,0,0,0,5,3
1091,1088,3,150.00,0,0,0,5,3
1092,1088,4,150.00,0,0,0,5,3
1093,1088,5,150.00,0,0,0,5,3
1094,1088,6,150.00,0,0,0,5,3
1095,1088,7,150.00,0,0,0,5,3
1096,1088,8,150.00,0,0,0,5,3
1097,1088,9,150.00,0,0,0,5,3
1098,1088,10,150.00,0,0,0,5,3
1099,1088,11,150.00,0,0,0,5,3
1100,1088,12,150.00,0,0,0,5,3
1101,1088,13,150.00,0,0,0,5,3
1102,1088,14,150.00,0,0,0,5,3
1103,1088,15,150.00,0,0,0,5,3
1104,1088,16,150.00,0,0,0,5,3
1105,1088,17,150.00,0,0,0,5,3
1106,1088,18,150.00,0,0,0,5,3
1107,1088,19,150.00,0,0,0,5,3
1108,1088,20,150.00,0,0,0,5,3
1109,1088,21,150.00,0,0,0,5,3
1110,1088,22,150.00,0,0,0,5,3
1111,1088,23,150.00,0,0,0,5,3
1112,1088,24,150.00,0,0,0,5,3
1113,1088,25,150.00,0,0,0,5,3
1114,1088,26,150.00,0,0,0,5,3
1115,1088,27,150.00,0,0,0,5,3
1116,1088,28,150.00,0,0,0,5,3
1117,1088,29,150.00,0,0,0,5,3
1118,1088,30,150.00,0,0,0,5,3
1119,1088,31,150.00,0,0,0,5,3
1120,1088,32,150.00,0,0,0,5,3
1121,1088,33,150.00,0,0,0,5,3
1122,1088,34,150.00,0,0,0,5,3
1123,1088,35,150.00,0,0,0,5,3
1124,1088,36,150.00,0,0,0,5,3
1125,1088,37,150.00,0,0,0,5,3
1126,1088,38,150.00,0,0,0,5,3
1127,1088,39,150.00,0,0,0,5,3
1128,1088,40,150.00,0,0,0,5,3
1129,1088,41,150.00,0,0,0,5,3
1130,1088,42,150.00,0,0,0,5,3
1131,1088,43,150.00,0,0,0,5,3
1132,1088,44,150.00,0,0,0,5,3
1133,1088,45,150.00,0,0,0,5,3
1134,1088,46,150.00,0,0,0,5,3
1135,1088,47,150.00,0,0,0,5,3
1136,1088,48,150.00,0,0,0,5,3
1137,1088,49,150.00,0,0,0,5,3
1138,1088,50,150.00,0,0,0,5,3
1139,1088,51,150.00,0,0,0,5,3
1140,1088,52,150.00,0,0,0,5,3
1141,1088,53,150.00,0,0,0,5,3
1142,1088,54,150.00,0,0,0,5,3
1143,1088,55,150.00,0,0,0,5,3
1144,1088,56,150.00,0,0,0,5,3
1145,1088,57,150.00,0,0,0,5,3
1146,1088,58,150.00,0,0,0,5,3
1147,1088,59,150.00,0,0,0,5,3
1148,1088,60,150.00,0,0,0,5,3
1149,1088,61,150.00,0,0,0,5,3
1150,1088,62,150.00,0,0,0,5,3
1151,1088,63,150.00,0,0,0,5,3
1152,1088,64,150.00,0,0,0,5,3
1153,1088,65,150.00,0,0,0,5,3
1154,1088,66,150.00,0,0,0,5,3
1155,1088,67,150.00,0,0,0,5,3
1156,1088,68,150.00,0,0,0,5,3
1157,1088,69,150.00,0,0,0,5,3
1158,1088,70,150.00,0,0,0,5,3
1159,1088,71,150.00,0,0,0,5,3
1160,1088,72,150.00,0,0,0,5,3
1161,1088,73,150.00,0,0,0,5,3
1162,1088,74,150.00,0,0,0,5,3
1163,1088,75,150.00,0,0,0,5,3
1164,1088,76,150.00,0,0,0,5,3
1165,1088,77,150.00,0,0,0,5,3
1166,1088,78,150.00,0,0,0,5,3
1167,1088,79,150.00,0,0,0,5,3
1168,1088,80,150.00,0,0,0,5,3
1169,1088,81,150.00,0,0,0,5,3
1170,1088,82,150.00,0,0,0,5,3
1171,1088,83,150.00,0,0,0,5,3
1172,1088,84,150.00,0,0,0,5,3
1173,1088,85,150.00,0,0,0,5,3
1174,1088,86,150.00,0,0,0,5,3
1175,1088,87,150.00,0,0,0,5,3
1176,1088,88,150.00,0,0,0,5,3
1177,1088,89,150.00,0,0,0,5,3
1178,1088,90,150.00,0,0,0,5,3
1179,1088,91,150.00,0,0,0,5,3
1180,1088,92,150.00,0,0,0,5,3
1181,1088,93,150.00,0,0,0,5,3
1182,1088,94,150.00,0,0,0,5,3
1183,1088,95,150.00,0,0,0,5,3
1184,1088,96,150.00,0,0,0,5,3
1185,1088,97,150.00,0,0,0,5,3
1186,1088,98,150.00,0,0,0,5,3
1187,1088,99,150.00,0,0,0,5,3
1188,1088,100,150.00,0,0,0,5,3
1189,1088,101,150.00,0,0,0,5,3
1190,1088,102,150.00,0,0,0,5,3
1191,1088,103,150.00,0,0,0,5,3
1192,1088,104,150.00,0,0,0,5,3
1193,1088,105,150.00,0,0,0,5,3
1194,1088,106,150.00,0,0,0,5,3
1195,1088,107,150.00,0,0,0,5,3
1196,1088,108,150.00,0,0,0,5,3
1197,1088,109,150.00,0,0,0,5,3
1198,1088,110,150.00,0,0,0,5,3
1199,1088,111,150.00,0,0,0,5,3
1200,1088,112,150.00,0,0,0,5,3
1201,1088,113,150.00,0,0,0,5,3
1202,1088,114,150.00,0,0,0,5,3
1203,1088,115,150.00,0,0,0,5,3
1204,1088,116,150.00,0,0,0,5,3
1205,1088,117,150.00,0,0,0,5,3
1206,1088,118,150.00,0,0,0,5,3
1207,1088,119,150.00,0,0,0,5,3
1208,1088,120,150.00,0,0,0,5,3
1209,1088,121,150.00,0,0,0,5,3
1210,1088,122,150.00,0,0,0,5,3
1211,1088,123,150.00,0,0,0,5,3
1212,1088,124,150.00,0,0,0,5,3
1213,1088,125,150.00,0,0,0,5,3
1214,1088,126,150.00,0,0,0,5,3
1215,1088,127,150.00,0,0,0,5,3
1216,1088,128,150.00,0,0,0,5,3
1217,1088,129,150.00,0,0,0,5,3
1218,1088,130,150.00,0,0,0,5,3
1219,1088,131,150.00,0,0,0,5,3
1220,1088,132,150.00,0,0,0,5,3
1221,1088,133,150.00,0,0,0,5,3
1222,1088,134,150.00,0,0,0,5,3
1223,1088,135,150.00,0,0,0,5,3
1224,1088,136,150.00,0,0,0,5,3
1225,1088,137,150.00,0,0,0,5,3
1226,1088,138,150.00,0,0,0,5,3
1227,1088,139,150.00,0,0,0,5,3
1228,1088,140,150.00,0,0,0,5,3
1229,1088,141,150.00,0,0,0,5,3
1230,1088,142,150.00,0,0,0,5,3
1231,1088,143,150.00,0,0,0,5,3
1232,1232,0,152.50,0,0,1,3,4
1233,1232,1,152.50,0,0,1,3,4
1234,1232,2,152.50,0,0,1,3,4
1235,1232,3,152.50,0,0,1,3,4
1236,1232,4,152.50,0,0,1,3,4
1237,1232,5,152.50,0,0,1,3,4
1238,1232,6,152.50,0,0,1,3,4
1239,1232,7,152.50,0,0,1,3,4
1240,1232,8,152.50,0,0,1,3,4
1241,1232,9,152.50,0,0,1,3,4
1242,1232,10,152.50,0,0,1,3,4
1243,1232,11,152.50,0,0,1,3,4
1244,1232,12,152.50,0,0,1,3,4
1245,1232,13,152.50,0,0,1,3,4
1246,1232,14,152.50,0,0,1,3,4
1247,1232,15,152.50,0,0,1,3,4
1248,1232,16,152.50,0,0,1,3,4
1249,1232,17,152.50,0,0,1,3,4
1250,1232,18,152.50,0,0,1,3,4
1251,1232,19,152.50,0,0,1,3,4
1252,1232,20,152.50,0,0,1,3,4
1253,1232,21,152.50,0,0,1,3,4
1254,1232,22,152.50,0,0,1,3,4
1255,1232,23,152.50,0,0,1,3,4
1256,1232,24,152.50,0,0,1,3,4
1257,1232,25,152.50,0,0,1,3,4
1258,1232,26,152.50,0,0,1,3,4
1259,1232,27,152.50,0,0,1,3,4
1260,1232,28,152.50,0,0,1,3,4
1261,1232,29,152.50,0,0,1,3,4
1262,1232,30,152.50,0,0,1,3,4
1263,1232,31,152.50,0,0,1,3,4
1264,1232,32,152.50,0,0,1,3,4
1265,1232,33,152.50,0,0,1,3,4
1266,1232,34,152.50,0,0,1,3,4
1267,1232,35,152.50,0,0,1,3,4
1268,1232,36,152.50,0,0,1,3,4
1269,1232,37,152.50,0,0,1,3,4
1270,1232,38,152.50,0,0,1,3,4
1271,1232,39,152.50,0,0,1,3,4
1272,1232,40,152.50,0,0,1,3,4
1273,1232,41,152.50,0,0,1,3,4
1274,1232,42,152.50,0,0,1,3,4
1275,1232,43,152.50,0,0,1,3,4
1276,1232,44,152.50,0,0,1,3,4
1277,1232,45,152.50,0,0,1,3,4
1278,1232,46,152.50,0,0,1,3,4
1279,1232,47,152.50,0,0,1,3,4
1280,1280,0,160.00,0,0,0,4,4
1281,1280,1,160.00,0,0,0,4,4
1282,1280,2,160.00,0,0,0,4,4
1283,1280,3,160.00,0,0,0,4,4
1284,1280,4,160.00,0,0,0,4,4
1285,1280,5,160.00,0,0,0,4,4
1286,1280,6,160.00,0,0,0,4,4
1287,1280,7,160.00,0,0,0,4,4
1288,1280,8,160.00,0,0,0,4,4
1289,1280,9,160.00,0,0,0,4,4
1290,1280,10,160.00,0,0,0,4,4
1291,1280,11,160.00,0,0,0,4,4
1292,1280,12,160.00,0,0,0,4,4
1293,1280,13,160.00,0,0,0,4,4
1294,1280,14,160.00,0,0,0,4,4
1295,1280,15,160.00,0,0,0,4,4
1296,1280,16,160.00,0,0,0,4,4
1297,1280,17,160.00,0,0,0,4,4
1298,1280,18,160.00,0,0,0,4,4
1299,1280,19,160.00,0,0,0,4,4
1300,1280,20,160.00,0,0,0,4,4
1301,1280,21,160.00,0,0,0,4,4
1302,1280,22,160.00,0,0,0,4,4
1303,1280,23,160.00,0,0,0,4,4
1304,1280,24,160.00,0,0,0,4,4
1305,1280,25,160.00,0,0,0,4,4
1306,1280,26,160.00,0,0,0,4,4
1307,1280,27,160.00,0,0,0,4,4
1308,1280,28,160.00,0,0,0,4,4
1309,1280,29,160.00,0,0,0,4,4
1310,1280,30,160.00,0,0,0,4,4
1311,1280,31,160.00,0,0,0,4,4
1312,1280,32,160.00,0,0,0,4,4
1313,1280,33,160.00,0,0,0,4,4
1314,1280,34,160.00,0,0,0,4,4
1315,1280,35,160.00,0,0,0,4,4
1316,1280,36,160.00,0,0,0,4,4
1317,1280,37,160.00,0,0,0,4,4
1318,1280,38,160.00,0,0,0,4,4
1319,1280,39,160.00,0,0,0,4,4
1320,1280,40,160.00,0,0,0,4,4
1321,1280,41,160.00,0,0,0,4,4
1322,1280,42,160.00,0,0,0,4,4
1323,1280,43,160.00,0,0,0,4,4
1324,1280,44,160.00,0,0,0,4,4
1325,1280,45,160.00,0,0,0,4,4
1326,1280,46,160.00,0,0,0,4,4
1327,1280,47,160.00,0,0,0,4,4
1328,1280,48,160.00,0,0,0,4,4
1329,1280,49,160.00,0,0,0,4,4
1330,1280,50,160.00,0,0,0,4,4
1331,1280,51,160.00,0,0,0,4,4
1332,1280,52,160.00,0,0,0,4,4
1333,1280,53,160.00,0,0,0,4,4
1334,1280,54,160.00,0,0,0,4,4
1335,1280,55,160.00,0,0,0,4,4
1336,1280,56,160.00,0,0,0,4,4
1337,1280,57,160.00,0,0,0,4,4
1338,1280,58,160.00,0,0,0,4,4
1339,1280,59,160.00,0,0,0,4,4
1340,1280,60,160.00,0,0,0,4,4
1341,1280,61,160.00,0,0,0,4,4
1342,1280,62,160.00,0,0,0,4,4
1343,1280,63,160.00,0,0,0,4,4
1344,1280,64,160.00,0,0,0,4,4
1345,1280,65,160.00,0,0,0,4,4
1346,1280,66,160.00,0,0,0,4,4
1347,1280,67,160.00,0,0,0,4,4
1348,1280,68,160.00,0,0,0,4,4
1349,1280,69,160.00,0,0,0,4,4
1350,1280,70,160.00,0,0,0,4,4
1351,1280,71,160.00,0,0,0,4,4
1352,1280,72,160.00,0,0,0,4,4
1353,1280,73,160.00,0,0,0,4,4
1354,1280,74,160.00,0,0,0,4,4
1355,1280,75,160.00,0,0,0,4,4
1356,1280,76,160.00,0,0,0,4,4
1357,1280,77,160.00,0,0,0,4,4
1358,1280,78,160.00,0,0,0,4,4
1359,1280,79,160.00,0,0,0,4,4
1360,1280,80,160.00,0,0,0,4,4
1361,1280,81,160.00,0,0,0,4,4
1362,1280,82,160.00,0,0,0,4,4
1363,1280,83,160.00,0,0,0,4,4
1364,1280,84,160.00,0,0,0,4,4
1365,1280,85,160.00,0,0,0,4,4
1366,1280,86,160.00,0,0,0,4,4
1367,1280,87,160.00,0,0,0,4,4
1368,1280,88,160.00,0,0,0,4,4
1369,1280,89,160.00,0,0,0,4,4
1370,1280,90,160.00,0,0,0,4,4
1371,1280,91,160.00,0,0,0,4,4
1372,1280,92,160.00,0,0,0,4,4
1373,1280,93,160.00,0,0,0,4,4
1374,1280,94,160.00,0,0,0,4,4
1375,1280,95,160.00,0,0,0,4,4
1376,1280,96,160.00,0,0,0,4,4
1377,1280,97,160.00,0,0,0,4,4
1378,1280,98,160.00,0,0,0,4,4
1379,1280,99,160.00,0,0,0,4,4
1380,1280,100,160.00,0,0,0,4,4
1381,1280,101,160.00,0,0,0,4,4
1382,1280,102,160.00,0,0,0,4,4
1383,1280,103,160.00,0,0,0,4,4
1384,1280,104,160.00,0,0,0,4,4
1385,1280,105,160.00,0,0,0,4,4
1386,1280,106,160.00,0,0,0,4,4
1387,1280,107,160.00,0,0,0,4,4
1388,1280,108,160.00,0,0,0,4,4
1389,1280,109,160.00,0,0,0,4,4
1390,1280,110,160.00,0,0,0,4,4
1391,1280,111,160.00,0,0,0,4,4
1392,1280,112,160.00,0,0,0,4,4
1393,1280,113,160.00,0,0,0,4,4
1394,1280,114,160.00,0,0,0,4,4
1395,1280,115,160.00,0,0,0,4,4
1396,1280,116,160.00,0,0,0,4,4
1397,1280,117,160.00,0,0,0,4,4
1398,1280,118,160.00,0,0,0,4,4
1399,1280,119,160.00,0,0,0,4,4
1400,1280,120,160.00,0,0,0,4,4
1401,1280,121,160.00,0,0,0,4,4
1402,1280,122,160.00,0,0,0,4,4
1403,1280,123,160.00,0,0,0,4,4
1404,1280,124,160.00,0,0,0,4,4
1405,1280,125,160.00,0,0,0,4,4
1406,1280,126,160.00,0,0,0,4,4
1407,1280,127,160.00,0,0,0,4,4
1408,1280,128,160.00,0,0,0,4,4
1409,1280,129,160.00,0,0,0,4,4
1410,1280,130,160.00,0,0,0,4,4
1411,1280,131,160.00,0,0,0,4,4
1412,1280,132,160.00,0,0,0,4,4
1413,1280,133,160.00,0,0,0,4,4
1414,1280,134,160.00,0,0,0,4,4
1415,1280,135,160.00,0,0,0,4,4
1416,1280,136,160.00,0,0,0,4,4
1417,1280,137,160.00,0,0,0,4,4
1418,1280,138,160.00,0,0,0,4,4
1419,1280,139,160.00,0,0,0,4,4
1420,1280,140,160.00,0,0,0,4,4
1421,1280,141,160.00,0,0,0,4,4
1422,1280,142,160.00,0,0,0,4,4
1423,1280,143,160.00,0,0,0,4,4
1424,1424,0,162.50,0,0,1,2,5
1425,1424,1,162.50,0,0,1,2,5
1426,1424,2,162.50,0,0,1,2,5
1427,1424,3,162.50,0,0,1,2,5
1428,1424,4,162.50,0,0,1,2,5
1429,1424,5,162.50,0,0,1,2,5
1430,1424,6,162.50,0,0,1,2,5
1431,1424,7,162.50,0,0,1,2,5
1432,1424,8,162.50,0,0,1,2,5
1433,1424,9,162.50,0,0,1,2,5
1434,1424,10,162.50,0,0,1,2,5
1435,1424,11,162.50,0,0,1,2,5
1436,1424,12,162.50,0,0,1,2,5
1437,1424,13,162.50,0,0,1,2,5
1438,1424,14,162.50,0,0,1,2,5
1439,1424,15,162.50,0,0,1,2,5
1440,1424,16,162.50,0,0,1,2,5
1441,1424,17,162.50,0,0,1,2,5
1442,1424,18,162.50,0,0,1,2,5
1443,1424,19,162.50,0,0,1,2,5
1444,1424,20,162.50,0,0,1,2,5
1445,1424,21,162.50,0,0,1,2,5
1446,1424,22,162.50,0,0,1,2,5
1447,1424,23,162.50,0,0,1,2,5
1448,1424,24,162.50,0,0,1,2,5
1449,1424,25,162.50,0,0,1,2,5
1450,1424,26,162.50,0,0,1,2,5
1451,1424,27,162.50,0,0,1,2,5
1452,1424,28,162.50,0,0,1,2,5
1453,1424,29,162.50,0,0,1,2,5
1454,1424,30,162.50,0,0,1,2,5
1455,1424,31,162.50,0,0,1,2,5
1456,1424,32,162.50,0,0,1,2,5
1457,1424,33,162.50,0,0,1,2,5
1458,1424,34,162.50,0,0,1,2,5
1459,1424,35,162.50,0,0,1,2,5
1460,1424,36,162.50,0,0,1,2,5
1461,1424,37,162.50,0,0,1,2,5
1462,1424,38,162.50,0,0,1,2,5
1463,1424,39,162.50,0,0,1,2,5
1464,1424,40,162.50,0,0,1,2,5
1465,1424,41,162.50,0,0,1,2,5
1466,1424,42,162.50,0,0,1,2,5
1467,1424,43,162.50,0,0,1,2,5
1468,1424,44,162.50,0,0,1,2,5
1469,1424,45,162.50,0,0,1,2,5
1470,1424,46,162.50,0,0,1,2,5
1471,1424,47,162.50,0,0,1,2,5
1472,1472,0,170.00,0,0,0,3,5
1473,1472,1,170.00,0,0,0,3,5
1474,1472,2,170.00,0,0,0,3,5
1475,1472,3,170.00,0,0,0,3,5
1476,1472,4,170.00,0,0,0,3,5
1477,1472,5,170.00,0,0,0,3,5
1478,1472,6,170.00,0,0,0,3,5
1479,1472,7,170.00,0,0,0,3,5
1480,1472,8,170.00,0,0,0,3,5
1481,1472,9,170.00,0,0,0,3,5
1482,1472,10,170.00,0,0,0,3,5
1483,1472,11,170.00,0,0,0,3,5
1484,1472,12,170.00,0,0,0,3,5
1485,1472,13,170.00,0,0,0,3,5
1486,1472,14,170.00,0,0,0,3,5
1487,1472,15,170.00,0,0,0,3,5
1488,1472,16,170.00,0,0,0,3,5
1489,1472,17,170.00,0,0,0,3,5
1490,1472,18,170.00,0,0,0,3,5
1491,1472,19,170.00,0,0,0,3,5
1492,1472,20,170.00,0,0,0,3,5
1493,1472,21,170.00,0,0,0,3,5
1494,1472,22,170.00,0,0,0,3,5
1495,1472,23,170.00,0,0,0,3,5
1496,1472,24,170.00,0,0,0,3,5
1497,1472,25,170.00,0,0,0,3,5
1498,1472,26,170.00,0,0,0,3,5
1499,1472,27,170.00,0,0,0,3,5
1500,1472,28,170.00,0,0,0,3,5
1501,1472,29,170.00,0,0,0,3,5
1502,1472,30,170.00,0,0,0,3,5
1503,1472,31,170.00,0,0,0,3,5
1504,1472,32,170.00,0,0,0,3,5
1505,1472,33,170.00,0,0,0,3,5
1506,1472,34,170.00,0,0,0,3,5
1507,1472,35,170.00,0,0,0,3,5
1508,1472,36,170.00,0,0,0,3,5
1509,1472,37,170.00,0,0,0,3,5
1510,1472,38,170.00,0,0,0,3,5
1511,1472,39,170.00,0,0,0,3,5
1512,1472,40,170.00,0,0,0,3,5
1513,1472,41,170.00,0,0,0,3,5
1514,1472,42,170.00,0,0,0,3,5
1515,1472,43,170.00,0,0,0,3,5
1516,1472,44,170.00,0,0,0,3,5
1517,1472,45,170.00,0,0,0,3,5
1518,1472,46,170.00,0,0,0,3,5
1519,1472,47,170.00,0,0,0,3,5
1520,1472,48,170.00,0,0,0,3,5
1521,1472,49,170.00,0,0,0,3,5
1522,1472,50,170.00,0,0,0,3,5
1523,1472,51,170.00,0,0,0,3,5
1524,1472,52,170.00,0,0,0,3,5
1525,1472,53,170.00,0,0,0,3,5
1526,1472,54,170.00,0,0,0,3,5
1527,1472,55,170.00,0,0,0,3,5
1528,1472,56,170.00,0,0,0,3,5
1529,1472,57,170.00,0,0,0,3,5
1530,1472,58,170.00,0,0,0,3,5
1531,1472,59,170.00,0,0,0,3,5
1532,1472,60,170.00,0,0,0,3,5
1533,1472,61,170.00,0,0,0,3,5
1534,1472,62,170.00,0,0,0,3,5
1535,1472,63,170.00,0,0,0,3,5
1536,1472,64,170.00,0,0,0,3,5
1537,1472,65,170.00,0,0,0,3,5
1538,1472,66,170.00,0,0,0,3,5
1539,1472,67,170.00,0,0,0,3,5
1540,1472,68,170.00,0,0,0,3,5
1541,1472,69,170.00,0,0,0,3,5
1542,1472,70,170.00,0,0,0,3,5
1543,1472,71,170.00,0,0,0,3,5
1544,1472,72,170.00,0,0,0,3,5
1545,1472,73,170.00,0,0,0,3,5
1546,1472,74,170.00,0,0,0,3,5
1547,1472,75,170.00,0,0,0,3,5
1548,1472,76,170.00,0,0,0,3,5
1549,1472,77,170.00,0,0,0,3,5
1550,1472,78,170.00,0,0,0,3,5
1551,1472,79,170.00,0,0,0,3,5
1552,1472,80,170.00,0,0,0,3,5
1553,1472,81,170.00,0,0,0,3,5
1554,1472,82,170.00,0,0,0,3,5
1555,1472,83,170.00,0,0,0,3,5
1556,1472,84,170.00,0,0,0,3,5
1557,1472,85,170.00,0,0,0,3,5
1558,1472,86,170.00,0,0,0,3,5
1559,1472,87,170.00,0,0,0,3,5
1560,1472,88,170.00,0,0,0,3,5
1561,1472,89,170.00,0,0,0,3,5
1562,1472,90,170.00,0,0,0,3,5
1563,1472,91,170.00,0,0,0,3,5
1564,1472,92,170.00,0,0,0,3,5
1565,1472,93,170.00,0,0,0,3,5
1566,1472,94,170.00,0,0,0,3,5
1567,1472,95,170.00,0,0,0,3,5
1568,1472,96,170.00,0,0,0,3,5
1569,1472,97,170.00,0,0,0,3,5
1570,1472,98,170.00,0,0,0,3,5
1571,1472,99,170.00,0,0,0,3,5
1572,1472,100,170.00,0,0,0,3,5
1573,1472,101,170.00,0,0,0,3,5
1574,1472,102,170.00,0,0,0,3,5
1575,1472,103,170.00,0,0,0,3,5
1576,1472,104,170.00,0,0,0,3,5
1577,1472,105,170.00,0,0,0,3,5
1578,1472,106,170.00,0,0,0,3,5
1579,1472,107,170.00,0,0,0,3,5
1580,1472,108,170.00,0,0,0,3,5
1581,1472,109,170.00,0,0,0,3,5
1582,1472,110,170.00,0,0,0,3,5
1583,1472,111,170.00,0,0,0,3,5
1584,1472,112,170.00,0,0,0,3,5
1585,1472,113,170.00,0,0,0,3,5
1586,1472,114,170.00,0,0,0,3,5
1587,1472,115,170.00,0,0,0,3,5
1588,1472,116,170.00,0,0,0,3,5
1589,1472,117,170.00,0,0,0,3,5
1590,1472,118,170.00,0,0,0,3,5
1591,1472,119,170.00,0,0,0,3,5
1592,1472,120,170.00,0,0,0,3,5
1593,1472,121,170.00,0,0,0,3,5
1594,1472,122,170.00,0,0,0,3,5
1595,1472,123,170.00,0,0,0,3,5
1596,1472,124,170.00,0,0,0,3,5
1597,1472,125,170.00,0,0,0,3,5
1598,1472,126,170.00,0,0,0,3,5
1599,1472,127,170.00,0,0,0,3,5
1600,1472,128,170.00,0,0,0,3,5
1601,1472,129,170.00,0,0,0,3,5
1602,1472,130,170.00,0,0,0,3,5
1603,1472,131,170.00,0,0,0,3,5
1604,1472,132,170.00,0,0,0,3,5
1605,1472,133,170.00,0,0,0,3,5
1606,1472,134,170.00,0,0,0,3,5
1607,1472,135,170.00,0,0,0,3,5
1608,1472,136,170.00,0,0,0,3,5
1609,1472,137,170.00,0,0,0,3,5
1610,1472,138,170.00,0,0,0,3,5
1611,1472,139,170.00,0,0,0,3,5
1612,1472,140,170.00,0,0,0,3,5
1613,1472,141,170.00,0,0,0,3,5
1614,1472,142,170.00,0,0,0,3,5
1615,1472,143,170.00,0,0,0,3,5
1616,1616,0,172.50,0,0,1,1,6
1617,1616,1,172.50,0,0,1,1,6
1618,1616,2,172.50,0,0,1,1,6
1619,1616,3,172.50,0,0,1,1,6
1620,1616,4,172.50,0,0,1,1,6
1621,1616,5,172.50,0,0,1,1,6
1622,1616,6,172.50,0,0,1,1,6
1623,1616,7,172.50,0,0,1,1,6
1624,1616,8,172.50,0,0,1,1,6
1625,1616,9,172.50,0,0,1,1,6
1626,1616,10,172.50,0,0,1,1,6
1627,1616,11,172.50,0,0,1,1,6
1628,1616,12,172.50,0,0,1,1,6
1629,1616,13,172.50,0,0,1,1,6
1630,1616,14,172.50,0,0,1,1,6
1631,1616,15,172.50,0,0,1,1,6
1632,1616,16,172.50,0,0,1,1,6
1633,1616,17,172.50,0,0,1,1,6
1634,1616,18,172.50,0,0,1,1,6
1635,1616,19,172.50,0,0,1,1,6
1636,1616,20,172.50,0,0,1,1,6
1637,1616,21,172.50,0,0,1,1,6
1638,1616,22,172.50,0,0,1,1,6
1639,1616,23,172.50,0,0,1,1,6
1640,1616,24,172.50,0,0,1,1,6
1641,1616,25,172.50,0,0,1,1,6
1642,1616,26,172.50,0,0,1,1,6
1643,1616,27,172.50,0,0,1,1,6
1644,1616,28,172.50,0,0,1,1,6
1645,1616,29,172.50,0,0,1,1,6
1646,1616,30,172.50,0,0,1,1,6
1647,1616,31,172.50,0,0,1,1,6
1648,1616,32,172.50,0,0,1,1,6
1649,1616,33,172.50,0,0,1,1,6
1650,1616,34,172.50,0,0,1,1,6
1651,1616,35,172.50,0,0,1,1,6
1652,1616,36,172.50,0,0,1,1,6
1653,1616,37,172.50,0,0,1,1,6
1654,1616,38,172.50,0,0,1,1,6
1655,1616,39,172.50,0,0,1,1,6
1656,1616,40,172.50,0,0,1,1,6
1657,1616,41,172.50,0,0,1,1,6
1658,1616,42,172.50,0,0,1,1,6
1659,1616,43,172.50,0,0,1,1,6
1660,1616,44,172.50,0,0,1,1,6
1661,1616,45,172.50,0,0,1,1,6
1662,1616,46,172.50,0,0,1,1,6
1663,1616,47,172.50,0,0,1,1,6
1664,1664,0,180.00,0,0,0,2,6
1665,1664,1,180.00,0,0,0,2,6
1666,1664,2,180.00,0,0,0,2,6
1667,1664,3,180.00,0,0,0,2,6
1668,1664,4,180.00,0,0,0,2,6
1669,1664,5,180.00,0,0,0,2,6
1670,1664,6,180.00,0,0,0,2,6
1671,1664,7,180.00,0,0,0,2,6
1672,1664,8,180.00,0,0,0,2,6
1673,1664,9,180.00,0,0,0,2,6
1674,1664,10,180.00,0,0,0,2,6
1675,1664,11,180.00,0,0,0,2,6
1676,1664,12,180.00,0,0,0,2,6
1677,1664,13,180.00,0,0,0,2,6
1678,1664,14,180.00,0,0,0,2,6
1679,1664,15,180.00,0,0,0,2,6
1680,1664,16,180.00,0,0,0,2,6
1681,1664,17,180.00,0,0,0,2,6
1682,1664,18,180.00,0,0,0,2,6
1683,1664,19,180.00,0,0,0,2,6
1684,1664,20,180.00,0,0,0,2,6
1685,1664,21,180.00,0,0,0,2,6
1686,1664,22,180.00,0,0,0,2,6
1687,1664,23,180.00,0,0,0,2,6
1688,1664,24,180.00,0,0,0,2,6
1689,1664,25,180.00,0,0,0,2,6
1690,1664,26,180.00,0,0,0,2,6
1691,1664,27,180.00,0,0,0,2,6
1692,1664,28,180.00,0,0,0,2,6
1693,1664,29,180.00,0,0,0,2,6
1694,1664,30,180.00,0,0,0,2,6
1695,1664,31,180.00,0,0,0,2,6
1696,1664,32,180.00,0,0,0,2,6
1697,1664,33,180.00,0,0,0,2,6
1698,1664,34,180.00,0,0,0,2,6
1699,1664,35,180.00,0,0,0,2,6
1700,1664,36,180.00,0,0,0,2,6
1701,1664,37,180.00,0,0,0,2,6
1702,1664,38,180.00,0,0,0,2,6
1703,1664,39,180.00,0,0,0,2,6
1704,1664,40,180.00,0,0,0,2,6
1705,1664,41,180.00,0,0,0,2,6
1706,1664,42,180.00,0,0,0,2,6
1707,1664,43,180.00,0,0,0,2,6
1708,1664,44,180.00,0,0,0,2,6
1709,1664,45,180.00,0,0,0,2,6
1710,1664,46,180.00,0,0,0,2,6
1711,1664,47,180.00,0,0,0,2,6
1712,1664,48,180.00,0,0,0,2,6
1713,1664,49,180.00,0,0,0,2,6
1714,1664,50,180.00,0,0,0,2,6
1715,1664,51,180.00,0,0,0,2,6
1716,1664,52,180.00,0,0,0,2,6
1717,1664,53,180.00,0,0,0,2,6
1718,1664,54,180.00,0,0,0,2,6
1719,1664,55,180.00,0,0,0,2,6
1720,1664,56,180.00,0,0,0,2,6
1721,1664,57,180.00,0,0,0,2,6
1722,1664,58,180.00,0,0,0,2,6
1723,1664,59,180.00,0,0,0,2,6
1724,1664,60,180.00,0,0,0,2,6
1725,1664,61,180.00,0,0,0,2,6
1726,1664,62,180.00,0,0,0,2,6
1727,1664,63,180.00,0,0,0,2,6
1728,1664,64,180.00,0,0,0,2,6
1729,1664,65,180.00,0,0,0,2,6
1730,1664,66,180.00,0,0,0,2,6
1731,1664,67,180.00,0,0,0,2,6
1732,1664,68,180.00,0,0,0,2,6
1733,1664,69,180.00,0,0,0,2,6
1734,1664,70,180.00,0,0,0,2,6
1735,1664,71,180.00,0,0,0,2,6
1736,1664,72,180.00,0,0,0,2,6
1737,1664,73,180.00,0,0,0,2,6
1738,1664,74,180.00,0,0,0,2,6
1739,1664,75,180.00,0,0,0,2,6
1740,1664,76,180.00,0,0,0,2,6
1741,1664,77,180.00,0,0,0,2,6
1742,1664,78,180.00,0,0,0,2,6
1743,1664,79,180.00,0,0,0,2,6
1744,1664,80,180.00,0,0,0,2,6
1745,1664,81,180.00,0,0,0,2,6
1746,1664,82,180.00,0,0,0,2,6
1747,1664,83,180.00,0,0,0,2,6
1748,1664,84,180.00,0,0,0,2,6
1749,1664,85,180.00,0,0,0,2,6
1750,1664,86,180.00,0,0,0,2,6
1751,1664,87,180.00,0,0,0,2,6
1752,1664,88,180.00,0,0,0,2,6
1753,1664,89,180.00,0,0,0,2,6
1754,1664,90,180.00,0,0,0,2,6
1755,1664,91,180.00,0,0,0,2,6
1756,1664,92,180.00,0,0,0,2,6
1757,1664,93,180.00,0,0,0,2,6
1758,1664,94,180.00,0,0,0,2,6
1759,1664,95,180.00,0,0,0,2,6
1760,1664,96,180.00,0,0,0,2,6
1761,1664,97,180.00,0,0,0,2,6
1762,1664,98,180.00,0,0,0,2,6
1763,1664,99,180.00,0,0,0,2,6
1764,1664,100,180.00,0,0,0,2,6
1765,1664,101,180.00,0,0,0,2,6
1766,1664,102,180.00,0,0,0,2,6
1767,1664,103,180.00,0,0,0,2,6
1768,1664,104,180.00,0,0,0,2,6
1769,1664,105,180.00,0,0,0,2,6
1770,1664,106,180.00,0,0,0,2,6
1771,1664,107,180.00,0,0,0,2,6
1772,1664,108,180.00,0,0,0,2,6
1773,1664,109,180.00,0,0,0,2,6
1774,1664,110,180.00,0,0,0,2,6
1775,1664,111,180.00,0,0,0,2,6
1776,1664,112,180.00,0,0,0,2,6
1777,1664,113,180.00,0,0,0,2,6
1778,1664,114,180.00,0,0,0,2,6
1779,1664,115,180.00,0,0,0,2,6
1780,1664,116,180.00,0,0,0,2,6
1781,1664,117,180.00,0,0,0,2,6
1782,1664,118,180.00,0,0,0,2,6
1783,1664,119,180.00,0,0,0,2,6
1784,1664,120,180.00,0,0,0,2,6
1785,1664,121,180.00,0,0,0,2,6
1786,1664,122,180.00,0,0,0,2,6
1787,1664,123,180.00,0,0,0,2,6
1788,1664,124,180.00,0,0,0,2,6
1789,1664,125,180.00,0,0,0,2,6
1790,1664,126,180.00,0,0,0,2,6
1791,1664,127,180.00,0,0,0,2,6
1792,1664,128,180.00,0,0,0,2,6
1793,1664,129,180.00,0,0,0,2,6
1794,1664,130,180.00,0,0,0,2,6
1795,1664,131,180.00,0,0,0,2,6
1796,1664,132,180.00,0,0,0,2,6
1797,1664,133,180.00,0,0,0,2,6
1798,1664,134,180.00,0,0,0,2,6
1799,1664,135,180.00,0,0,0,2,6
1800,1664,136,180.00,0,0,0,2,6
1801,1664,137,180.00,0,0,0,2,6
1802,1664,138,180.00,0,0,0,2,6
1803,1664,139,180.00,0,0,0,2,6
1804,1664,140,180.00,0,0,0,2,6
1805,1664,141,180.00,0,0,0,2,6
1806,1664,142,180.00,0,0,0,2,6
1807,1664,143,180.00,0,0,0,2,6
1808,1808,0,182.50,0,0,1,0,7
1809,1808,1,182.50,0,0,1,0,7
1810,1808,2,182.50,0,0,1,0,7
1811,1808,3,182.50,0,0,1,0,7
1812,1808,4,182.50,0,0,1,0,7
1813,1808,5,182.50,0,0,1,0,7
1814,1808,6,182.50,0,0,1,0,7
1815,1808,7,182.50,0,0,1,0,7
1816,1808,8,182.50,0,0,1,0,7
1817,1808,9,182.50,0,0,1,0,7
1818,1808,10,182.50,0,0,1,0,7
1819,1808,11,182.50,0,0,1,0,7
1820,1808,12,182.50,0,0,1,0,7
1821,1808,13,182.50,0,0,1,0,7
1822,1808,14,182.50,0,0,1,0,7
1823,1808,15,182.50,0,0,1,0,7
1824,1808,16,182.50,0,0,1,0,7
1825,1808,17,182.50,0,0,1,0,7
1826,1808,18,182.50,0,0,1,0,7
1827,1808,19,182.50,0,0,1,0,7
1828,1808,20,182.50,0,0,1,0,7
1829,1808,21,182.50,0,0,1,0,7
1830,1808,22,182.50,0,0,1,0,7
1831,1808,23,182.50,0,0,1,0,7
1832,1808,24,182.50,0,0,1,0,7
1833,1808,25,182.50,0,0,1,0,7
1834,1808,26,182.50,0,0,1,0,7
1835,1808,27,182.50,0,0,1,0,7
1836,1808,28,182.50,0,0,1,0,7
1837,1808,29,182.50,0,0,1,0,7
1838,1808,30,182.50,0,0,1,0,7
1839,1808,31,182.50,0,0,1,0,7
1840,1808,32,182.50,0,0,1,0,7
1841,1808,33,182.50,0,0,1,0,7
1842,1808,34,182.50,0,0,1,0,7
1843,1808,35,182.50,0,0,1,0,7
1844,1808,36,182.50,0,0,1,0,7
1845,1808,37,182.50,0,0,1,0,7
1846,1808,38,182.50,0,0,1,0,7
1847,1808,39,182.50,0,0,1,0,7
1848,1808,40,182.50,0,0,1,0,7
1849,1808,41,182.50,0,0,1,0,7
1850,1808,42,182.50,0,0,1,0,7
1851,1808,43,182.50,0,0,1,0,7
1852,1808,44,182.50,0,0,1,0,7
1853,1808,45,182.50,0,0,1,0,7
1854,1808,46,182.50,0,0,1,0,7
1855,1808,47,182.50,0,0,1,0,7
1856,1856,0,190.00,0,0,0,1,7
1857,1856,1,190.00,0,0,0,1,7
1858,1856,2,190.00,0,0,0,1,7
1859,1856,3,190.00,0,0,0,1,7
1860,1856,4,190.00,0,0,0,1,7
1861,1856,5,190.00,0,0,0,1,7
1862,1856,6,190.00,0,0,0,1,7
1863,1856,7,190.00,0,0,0,1,7
1864,1856,8,190.00,0,0,0,1,7
1865,1856,9,190.00,0,0,0,1,7
1866,1856,10,190.00,0,0,0,1,7
1867,1856,11,190.00,0,0,0,1,7
1868,1856,12,190.00,0,0,0,1,7
1869,1856,13,190.00,0,0,0,1,7
1870,1856,14,190.00,0,0,0,1,7
1871,1856,15,190.00,0,0,0,1,7
1872,1856,16,190.00,0,0,0,1,7
1873,1856,17,190.00,0,0,0,1,7
1874,1856,18,190.00,0,0,0,1,7
1875,1856,19,190.00,0,0,0,1,7
1876,1856,20,190.00,0,0,0,1,7
1877,1856,21,190.00,0,0,0,1,7
1878,1856,22,190.00,0,0,0,1,7
1879,1856,23,190.00,0,0,0,1,7
1880,1856,24,190.00,0,0,0,1,7
1881,1856,25,190.00,0,0,0,1,7
1882,1856,26,190.00,0,0,0,1,7
1883,1856,27,190.00,0,0,0,1,7
1884,1856,28,190.00,0,0,0,1,7
1885,1856,29,190.00,0,0,0,1,7
1886,1856,30,190.00,0,0,0,1,7
1887,1856,31,190.00,0,0,0,1,7
1888,1856,32,190.00,0,0,0,1,7
1889,1856,33,190.00,0,0,0,1,7
1890,1856,34,190.00,0,0,0,1,7
1891,1856,35,190.00,0,0,0,1,7
1892,1856,36,190.00,0,0,0,1,7
1893,1856,37,190.00,0,0,0,1,7
1894,1856,38,190.00,0,0,0,1,7
1895,1856,39,190.00,0,0,0,1,7
1896,1856,40,190.00,0,0,0,1,7
1897,1856,41,190.00,0,0,0,1,7
1898,1856,42,190.00,0,0,0,1,7
1899,1856,43,190.00,0,0,0,1,7
1900,1856,44,190.00,0,0,0,1,7
1901,1856,45,190.00,0,0,0,1,7
1902,1856,46,190.00,0,0,0,1,7
1903,1856,47,190.00,0,0,0,1,7
1904,1856,48,190.00,0,0,0,1,7
1905,1856,49,190.00,0,0,0,1,7
1906,1856,50,190.00,0,0,0,1,7
1907,1856,51,190.00,0,0,0,1,7
1908,1856,52,190.00,0,0,0,1,7
1909,1856,53,190.00,0,0,0,1,7
1910,1856,54,190.00,0,0,0,1,7
1911,1856,55,190.00,0,0,0,1,7
1912,1856,56,190.00,0,0,0,1,7
1913,1856,57,190.00,0,0,0,1,7
1914,1856,58,190.00,0,0,0,1,7
1915,1856,59,190.00,0,0,0,1,7
1916,1856,60,190.00,0,0,0,1,7
1917,1856,61,190.00,0,0,0,1,7
1918,1856,62,190.00,0,0,0,1,7
1919,1856,63,190.00,0,0,0,1,7
1920,1856,64,190.00,0,0,0,1,7
1921,1856,65,190.00,0,0,0,1,7
1922,1856,66,190.00,0,0,0,1,7
1923,1856,67,190.00,0,0,0,1,7
1924,1856,68,190.00,0,0,0,1,7
1925,1856,69,190.00,0,0,0,1,7
1926,1856,70,190.00,0,0,0,1,7
1927,1856,71,190.00,0,0,0,1,7
1928,1856,72,190.00,0,0,0,1,7
1929,1856,73,190.00,0,0,0,1,7
1930,1856,74,190.00,0,0,0,1,7
1931,1856,75,190.00,0,0,0,1,7
1932,1856,76,190.00,0,0,0,1,7
1933,1856,77,190.00,0,0,0,1,7
1934,1856,78,190.00,0,0,0,1,7
1935,1856,79,190.00,0,0,0,1,7
1936,1856,80,190.00,0,0,0,1,7
1937,1856,81,190.00,0,0,0,1,7
1938,1856,82,190.00,0,0,0,1,7
1939,1856,83,190.00,0,0,0,1,7
1940,1856,84,190.00,0,0,0,1,7
1941,1856,85,190.00,0,0,0,1,7
1942,1856,86,190.00,0,0,0,1,7
1943,1856,87,190.00,0,0,0,1,7
1944,1856,88,190.00,0,0,0,1,7
1945,1856,89,190.00,0,0,0,1,7
1946,1856,90,190.00,0,0,0,1,7
1947,1856,91,190.00,0,0,0,1,7
1948,1856,92,190.00,0,0,0,1,7
1949,1856,93,190.00,0,0,0,1,7
1950,1856,94,190.00,0,0,0,1,7
1951,1856,95,190.00,0,0,0,1,7
1952,1856,96,190.00,0,0,0,1,7
1953,1856,97,190.00,0,0,0,1,7
1954,1856,98,190.00,0,0,0,1,7
1955,1856,99,190.00,0,0,0,1,7
1956,1856,100,190.00,0,0,0,1,7
1957,1856,101,190.00,0,0,0,1,7
1958,1856,102,190.00,0,0,0,1,7
1959,1856,103,190.00,0,0,0,1,7
1960,1856,104,190.00,0,0,0,1,7
1961,1856,105,190.00,0,0,0,1,7
1962,1856,106,190.00,0,0,0,1,7
1963,1856,107,190.00,0,0,0,1,7
1964,1856,108,190.00,0,0,0,1,7
1965,1856,109,190.00,0,0,0,1,7
1966,1856,110,190.00,0,0,0,1,7
1967,1856,111,190.00,0,0,0,1,7
1968,1856,112,190.00,0,0,0,1,7
1969,1856,113,190.00,0,0,0,1,7
1970,1856,114,190.00,0,0,0,1,7
1971,1856,115,190.00,0,0,0,1,7
1972,1856,116,190.00,0,0,0,1,7
1973,1856,117,190.00,0,0,0,1,7
1974,1856,118,190.00,0,0,0,1,7
1975,1856,119,190.00,0,0,0,1,7
1976,1856,120,190.00,0,0,0,1,7
1977,1856,121,190.00,0,0,0,1,7
1978,1856,122,190.00,0,0,0,1,7
1979,1856,123,190.00,0,0,0,1,7
1980,1856,124,190.00,0,0,0,1,7
1981,1856,125,190.00,0,0,0,1,7
1982,1856,126,190.00,0,0,0,1,7
1983,1856,127,190.00,0,0,0,1,7
1984,1856,128,190.00,0,0,0,1,7
1985,1856,129,190.00,0,0,0,1,7
1986,1856,130,190.00,0,0,0,1,7
1987,1856,131,190.00,0,0,0,1,7
1988,1856,132,190.00,0,0,0,1,7
1989,1856,133,190.00,0,0,0,1,7
1990,1856,134,190.00,0,0,0,1,7
1991,1856,135,190.00,0,0,0,1,7
1992,1856,136,190.00,0,0,0,1,7
1993,1856,137,190.00,0,0,0,1,7
1994,1856,138,190.00,0,0,0,1,7
1995,1856,139,190.00,0,0,0,1,7
1996,1856,140,190.00,0,0,0,1,7
1997,1856,141,190.00,0,0,0,1,7
1998,1856,142,190.00,0,0,0,1,7
1999,1856,143,190.00,0,0,0,1,7
2000,1856,144,190.00,0,0,0,1,7
2001,1856,145,190.00,0,0,0,1,7
2002,1856,146,190.00,0,0,0,1,7
2003,1856,147,190.00,0,0,0,1,7
2004,1856,148,190.00,0,0,0,1,7
2005,1856,149,190.00,0,0,0,1,7
2006,1856,150,190.00,0,0,0,1,7
2007,1856,151,190.00,0,0,0,1,7
2008,1856,152,190.00,0,0,0,1,7
2009,1856,153,190.00,0,0,0,1,7
2010,1856,154,190.00,0,0,0,1,7
2011,1856,155,190.00,0,0,0,1,7
2012,1856,156,190.00,0,0,0,1,7
2013,1856,157,190.00,0,0,0,1,7
2014,1856,158,190.00,0,0,0,1,7
2015,1856,159,190.00,0,0,0,1,7
2016,1856,160,190.00,0,0,0,1,7
2017,1856,161,190.00,0,0,0,1,7
2018,1856,162,190.00,0,0,0,1,7
2019,1856,163,190.00,0,0,0,1,7
2020,1856,164,190.00,0,0,0,1,7
2021,1856,165,190.00,0,0,0,1,7
2022,1856,166,190.00,0,0,0,1,7
2023,1856,167,190.00,0,0,0,1,7
2024,1856,168,190.00,0,0,0,1,7
2025,1856,169,190.00,0,0,0,1,7
2026,1856,170,190.00,0,0,0,1,7
2027,1856,171,190.00,0,0,0,1,7
2028,1856,172,190.00,0,0,0,1,7
2029,1856,173,190.00,0,0,0,1,7
2030,1856,174,190.00,0,0,0,1,7
2031,1856,175,190.00,0,0,0,1,7
2032,1856,176,190.00,0,0,0,1,7
2033,1856,177,190.00,0,0,0,1,7
2034,1856,178,190.00,0,0,0,1,7
2035,1856,179,190.00,0,0,0,1,7
2036,1856,180,190.00,0,0,0,1,7
2037,1856,181,190.00,0,0,0,1,7
2038,1856,182,190.00,0,0,0,1,7
2039,1856,183,190.00,0,0,0,1,7
2040,1856,184,190.00,0,0,0,1,7
2041,1856,185,190.00,0,0,0,1,7
2042,1856,186,190.00,0,0,0,1,7
2043,1856,187,190.00,0,0,0,1,7
2044,1856,188,190.00,0,0,0,1,7
2045,1856,189,190.00,0,0,0,1,7
2046,1856,190,190.00,0,0,0,1,7
2047,1856,191,190.00,0,0,0,1,7
2048,2048,0,200.00,0,0,0,0,8